dt_year_month,ap_group_name,user_count,upload_bytes,download_bytes,session_time
201907,,1192965,3.14944E+12,1.54269E+13,5433044321
201907,14코스,2826,5700023819,53672914264,15590417
201907,15코스,2632,4780020832,34654959098,13366200
201907,1코스 시작점,2038,3142617935,38303701179,4106327
201907,21코스,1718,4369653618,39061334753,6903778
201907,GS25 대포점,1675,1865054362,4357592547,995678
201907,곽지과물해변,6749,43021301563,1.63537E+11,26787089
201907,관음사 휴게소,1176,14038545507,53664053570,5687516
201907,구좌읍3,1929,721897894,8696087028,6716120
201907,국수문화거리,16176,8805416611,76195548104,41468265
201907,남원생활체육관,1676,22665067529,2.64576E+11,7404250
201907,노루생태공원,639,2521851829,29917014337,2303030
201907,노루생태관찰원,102,1715641989,15223250331,863052
201907,노형초등학교,41938,13623835512,1.23722E+11,140863425
201907,대정감협 인근 공영주차장,4993,6760096107,74554143040,8564767
201907,대학동(버스),11965,7575240089,99529270651,40090470
201907,디지탈플랜,6,1498077,9498431,7402
201907,만장굴,2607,19307401398,86245620660,14382878
201907,문화예술의 거리,22763,14001832235,1.18517E+11,75614227
201907,방일리공원,3586,2415305567,44840439875,13014044
201907,번개과학체험관,895,8155364245,36441196594,2579695
201907,베니스랜드,44,286636369,1126283227,114197
201907,보건소,383,54070829,443951645,1295610
201907,봉개동주민센터,799,2000474313,8437066792,2823989
201907,붉은오름자연휴양림,786,9741288022,29645387420,2916831
201907,비석거리,21381,3554228532,31541800664,6025746
201907,사계 해안도로,2999,4391211168,8059499490,2761035
201907,산천단 한국폴리텍대학(버스),8395,6637862120,44837538335,30426377
201907,삼성혈-2,849,319588742,5277791609,1466466
201907,상효원,265,2051574554,30214613619,1873428
201907,새연교안내소,1986,5275489171,34432942815,2983624
201907,서귀포롤러스케이트장,578,2110297799,18986468847,1316805
201907,서귀포시궁도장,337,653165481,4431398554,700073
201907,서귀포시립이중섭미술관,916,8057835776,42210092343,4390468
201907,서해아파트(버스),140,5937922,12683582,381699
201907,성산읍4,13450,13217850880,69090187954,3707605
201907,성산읍사무소,5391,7398255085,99541661648,7761237
201907,세계성문화박물관(2층),1697,914206954,11608839406,4318320
201907,시외버스터미널,8758,10616074674,57003954618,6874469
201907,신양 섭지코지 해변,5717,10285729560,58539605832,5795175
201907,신제주로터리,14074,6495945959,84850530214,9928140
201907,애월119센터,4642,2252416039,15532672809,16862481
201907,애월읍2,3631,1692316440,9413799640,12093190
201907,애월체육관,2457,14522775553,34491539202,3345766
201907,약천사,1184,9686592945,91680193775,3598679
201907,영어교육도시119센터,586,2056383464,22715249842,4031777
201907,운진항,4745,29528946650,2.54995E+11,20106737
201907,월령포구,584,1215365207,2675820751,2242715
201907,유리의성,294,995314364,10803642964,944684
201907,은남동,28810,9653387813,65083504795,87840129
201907,이중섭거리,8262,29007492343,2.33773E+11,14603703
201907,인화동,18543,3302638975,33267474160,55169178
201907,"전쟁역사박물관 (구,평화박물관)",430,1992392815,14027069866,8769865
201907,정부제주지방합동청사,26391,7698283760,73620988498,73794625
201907,제주 중앙여자고등학교 버스정류소,48044,28284937379,2.18737E+11,153091870
201907,제주고등학교,30004,13037357557,1.11916E+11,113194894
201907,제주공룡랜드,1472,2615608135,6264719666,5563430
201907,제주국민체육센터,2124,3623162417,42855670596,5733968
201907,제주권역재활병원,5629,10142031578,2.64817E+11,17858231
201907,제주돌마을공원,112,315070964,1723888718,538254
201907,제주동중학교,30116,9371831676,1.13615E+11,103086356
201907,제주러브랜드,1948,16542231369,24992199933,7559126
201907,제주세계자연유산센터,2022,14062753924,28431503128,12861384
201907,제주시자치경찰단,1250,2118156267,13993011138,6410698
201907,제주월드컵경기장 서귀포버스터미널,50742,15921001780,1.94587E+11,21793895
201907,제주조랑말타운,766,23795941162,3.88122E+11,14097958
201907,제주한라대학교(아쉬람BD_CU),16452,16990642645,1.17468E+11,60553616
201907,주공아파트5단지,14046,3563009554,47870007802,6262938
201907,주상절리대(제1매표소),845,2609763236,50417266531,2544886
201907,중문고등학교(북),13060,2484829115,34990234556,3787973
201907,중문관광단지입구 (남),10125,3455499518,26285607243,4154714
201907,중문동(남),16043,4582166604,59313139011,7690215
201907,천지연 공영주차장,4486,1663368291,26124611169,2276833
201907,큰엉(남원관광지구),329,816232545,800301779,244357
201907,토평마을회관(서),6179,6014520376,63511386622,9072230
201907,표선면1,3310,520816462,7149229578,1492660
201907,표선면5,9195,13857763884,1.12281E+11,10661716
201907,표선면사무소,2436,22296844270,86318189082,3682999
201907,하효 쇠소깍 해변,4310,35680279755,1.63633E+11,10624405
201907,한경체육관,1777,3521487211,65103872636,8614586
201907,한국야구명예전당,420,22311125574,1.65092E+11,2484565
201907,한담동(버스)남,4694,9055774185,27377191838,13587836
201907,한림공원 (협재․쌍용굴),1571,12111928955,8904975935,6808321
201907,현대미술관,321,6746310123,55115593501,1709949
201907,현대산부인과,28052,29143707423,1.85322E+11,17174325
201907,화북남문,9486,2355561198,22292209886,30528698
201908,17코스(광령1리-외도-이호-용두암-산지천),5983,20990685990,2.12322E+11,27334787
201908,18코스,8005,21563081617,1.00044E+11,36120529
201908,건입동주민센터,620,594160108,8490720155,1925366
201908,고마로 거리,47657,14268442588,1.04045E+11,188644285
201908,곽지과물해변,7396,41759736211,1.99092E+11,28338686
201908,광치기해변,16237,28691205834,1.03459E+11,12480513
201908,구좌읍3,1758,308884229,4528826447,6024979
201908,구좌읍7,515,506458912,877354967,1641671
201908,국립제주박물관,3285,7966765792,60166209287,4812224
201908,그리스신화박물관,1628,2511742648,7105359471,5702843
201908,금산공원,753,6610815660,20340443781,4743238
201908,김창열미술관,737,678938531,3080917499,2573606
201908,남서광마을,30626,7549497143,56025144558,96821244
201908,남원읍1,8979,2975464393,52547086298,6239102
201908,노형제2근린공원,4298,1910146270,18893231021,16335184
201908,대기고등학교,4353,2350307493,36871984445,16268038
201908,대유산업,406,4858075231,1.00845E+11,4088571
201908,대정감협 인근 공영주차장,4730,2221705639,29361161708,8849531
201908,더마파크,836,7706132634,59752663313,6263310
201908,동미빌딩,25964,10653084941,1.50681E+11,11011631
201908,메이즈랜드,539,2692148488,6326086859,2553978
201908,무오법정사,205,2038287641,24906561263,799278
201908,백년초박물관,242,58580490,1088820511,167348
201908,베니스랜드,101,2344198465,2711844409,249554
201908,붉은오름자연휴양림,801,3560097898,14246948590,2259800
201908,블루마운틴커피테마파크,718,3659869695,25069403474,1726595
201908,사계 해변,5106,8507720492,56372769323,7679849
201908,사라봉오거리,13023,1190970350,9135195475,45095726
201908,산남새마을금고,22168,6165069772,1.03016E+11,6646355
201908,산방산,3855,9340571872,52661464472,5986380
201908,삼성혈-3,5684,1041578392,3547907993,8834258
201908,새연교안내소,2497,8779773230,18200814019,2461511
201908,서귀포시 구 버스터미널,20241,11621293361,1.7431E+11,12653831
201908,서귀포자연휴양림(녹나무동),547,1572826151,14920775174,1146655
201908,서문가구거리,26288,11643329198,68817395591,77855961
201908,성산읍2,3897,5355868499,1.7589E+11,6365155
201908,성산포수협표선지점,10582,7767397718,93312562430,7651508
201908,성산하수처리장,1910,1328941484,32695995547,1949494
201908,세계술박물관,797,944927354,3541083658,854425
201908,송악산,2307,6934924785,20511919225,2439272
201908,수목원테마파크,1381,3154713755,4999420987,4302000
201908,신재생에너지관,196,879161769,6846278496,906758
201908,아프리카박물관,414,2753378838,42208736935,3073206
201908,안덕면2,7080,11660279906,2.15125E+11,11789104
201908,안덕면3,9686,4220692415,41448193648,2694337
201908,안덕면6,4076,2377198697,24695439791,1183990
201908,애월읍4,5539,3135454538,15676956847,18959818
201908,애월해안로,5947,4975082383,38622093430,23703778
201908,외도부영 2차 아파트,11601,4850370742,58619369627,23434512
201908,외돌개,2972,21075156422,57479816330,7363615
201908,용문 사거리,10428,3779771229,46661926181,32315079
201908,용문마을(서),16746,1925291401,11344408519,60453747
201908,우도-천진항( 마을정보센타),3653,14146152132,1.29672E+11,7940365
201908,은남동,29464,12435730750,74802841465,89710092
201908,인화동,18049,2638216385,25966904704,57879678
201908,정방폭포(주차장),2726,7813400779,32563457622,2073617
201908,제대아파트,6482,528765788,3866637971,22735513
201908,제주권역재활병원,5105,12833136969,4.47102E+11,25731205
201908,제주별빛누리공원,75,264496100,2214455521,225105
201908,제주서커스월드,3860,4664564356,41681872413,2717436
201908,제주시민회관,2367,21076274460,72850559826,14562994
201908,제주여자상업고등학교,23976,13853623597,83603146069,73336401
201908,제주한란전시관,392,595118547,11265437031,1304648
201908,종달리해변,815,1272203343,1806532536,3092397
201908,중문동(남),15620,5853423859,77489330831,8540373
201908,천지연 공영주차장,4216,2088029626,20472730407,2059404
201908,추사적거지,2699,21490841221,1.22434E+11,4889735
201908,케이티앤지,35682,17753717354,2.40442E+11,142234575
201908,큰엉(남원관광지구),326,1394698844,1175089328,240560
201908,탑동입구,16966,8774418633,43308808033,26534080
201908,표선면2,1541,1086838971,8599187980,1527767
201908,표선면3,12260,4819263477,90844465577,6547425
201908,표선면4,15959,12393269376,1.53854E+11,12435030
201908,표선면6,16274,8697833757,1.20195E+11,9397465
201908,하모2리,9889,9864559534,99769322608,8238950
201908,한라생태숲,1510,6891222646,61240171293,14068716
201908,한라수목원,23232,63282799508,3.20329E+11,186466230
201908,한라중학교/부영아파트,9163,5749234529,54393476258,32670206
201908,항일기념관,639,16649959700,2.29279E+11,7088571
201908,화북남문,11057,2267958988,27097474476,36259296
201908,화북동주민센터,854,841624567,5526130090,3355583
201908,효돈동1,2104,646170814,13440070831,1098105
201908,휴애리(생활공원),242,797594191,7289937527,2146132
201908,흑돼지 거리,20920,10426623893,62633558500,48365948
201909,5코스,3272,842917992,13819723602,3868575
201909,7코스,2518,1830192099,53226623709,5863417
201909,건강과성박물관,2760,258326830,2556823199,2228206
201909,김녕미로공원-2,410,2181156551,3344677629,1042456
201909,남원읍1,10412,1401830134,15736689911,7547361
201909,남원읍6,2078,384280428,5781822398,1991183
201909,노리매(매화테마공원),356,26238451,193799899,462144
201909,대정 영어교육도시,4038,6263127589,58847899519,9235594
201909,동산교,24621,7294178282,52559665951,66889776
201909,마라해양도립공원,2916,2063356460,7357787451,3581391
201909,무릉문화의집,323,112909084,1270262252,367925
201909,문예회관(전기차),10322,2271745479,14002776049,35738164
201909,문화의 거리,20993,15160548256,1.38859E+11,47819826
201909,바오젠거리,16316,14958212194,1.40473E+11,69540165
201909,발자국화석지관리사무소,1216,239013239,12945769673,646672
201909,백년초박물관,91,13510763,20629814,172944
201909,비자림,3080,8725516997,49152156932,16221819
201909,사계 해변,5063,1013329517,9302648530,8452810
201909,사라봉공원(충혼각),1797,1648707695,31299972387,7524823
201909,사라봉오거리,12977,1355120292,12675623589,44884202
201909,산남새마을금고,23281,908736478,19555680535,6400372
201909,삼무공원,74307,38767365489,3.26475E+11,239335717
201909,삼성혈 문화의 거리,18771,5976707207,65774599570,90846581
201909,삼양2동,15360,4221089874,39634428895,58972320
201909,생각하는정원,889,4497686019,17980683724,5516071
201909,서귀포농업기술센터,1894,850165997,12299484463,7489178
201909,서귀포시궁도장,260,48771461,739605319,448864
201909,서귀포예술의전당,8448,549240382,7265797196,4269472
201909,서귀포자연휴양림(관리동랙),662,670888929,2709382986,2603109
201909,서문가구거리,25945,10752184504,81830011350,82272792
201909,선녀와나무꾼테마공원,698,1573443375,7488203162,3192813
201909,성산읍3,2246,290378,737517,604239
201909,성산포항,5177,2610736801,31302771971,7087506
201909,성산포항 종합여객터미널(출발),5097,4157730140,21807580699,4425457
201909,세계성문화박물관(2층),1144,196721212,2401422065,3487862
201909,수운근린공원,3280,2112099588,15737181340,9671452
201909,신산공원,2667,1521932055,10984363474,9596400
201909,신제주로터리,9768,1905220079,24359078482,7262699
201909,아랑조을거리 공영주차장,18501,1187131445,32098071113,6659755
201909,아프리카박물관,342,615139396,14054975884,3191171
201909,안덕면4,9351,473078502,7084802090,1766480
201909,애월119센터,4973,1111529655,10384652598,20035622
201909,애월도서관,7391,2959497341,52486850071,27615076
201909,애월해안로,4659,3364838531,16157286811,17928479
201909,영화문화예술센터,2371,41091334612,87628803257,16310770
201909,오현중고등학교,16537,5889597910,71818956287,18884798
201909,외도부영 2차 아파트,11977,4220666859,63450895185,36413721
201909,외도초등학교,21259,3853433478,35095551080,75616787
201909,용담공원,4552,10439445627,53955308654,10908423
201909,용담사거리,3052,563050149,6566937881,10321000
201909,용담해안 카페촌거리,13249,18022560101,1.6091E+11,58206559
201909,우리은행 서귀포점 인근 공영주차장,14448,2938610075,42437624814,12149558
201909,월평마을,2191,1210701005,16295135211,7688604
201909,이도주공아파트,30920,8655553846,68212142088,71641933
201909,이중섭거리,8175,6532742538,1.20582E+11,16487798
201909,이호테우해변,5656,23845401198,2.45138E+11,34010455
201909,일출랜드,598,988624153,3787227621,1203191
201909,전지훈련장,170,112804628,2328336778,1854509
201909,제주권역재활병원,6037,4113340968,1.74904E+11,36969592
201909,제주대학교병원,9188,2905474507,17797226641,28104012
201909,제주민속오일장,27362,5721365168,67526616021,91054813
201909,제주은행(북),32210,3629028678,39390936915,13322321
201909,제주추사관,484,56115935,283431929,717823
201909,제주한라대학교(아쉬람BD_CU),26440,18088225322,1.71384E+11,89847330
201909,주상절리대(제1매표소),703,1194593249,23436045920,1631869
201909,중문·색달해변,2579,4378031040,11364109576,7674907
201909,중문고등학교(북),12294,575572562,8207894521,3851843
201909,중문관광단지,14138,8393778424,40541180682,20324809
201909,중앙로터리,20611,5911409377,49197801344,15385839
201909,천지동 아랑조을거리,8629,2178277577,53148527455,9172772
201909,카멜리아힐,1466,2304866935,25241924802,4216376
201909,탑동 테마거리,5382,9083730409,37911327617,10244750
201909,포니벨리,1486,1880070754,16013563929,3935249
201909,표선면5,9733,2422016116,23202130924,7006246
201909,하효 쇠소깍 해변,3758,6860398205,57663096756,11869798
201909,한국방송통신대학,23582,8969248253,74368177098,50858960
201909,한담해변,5467,20801830315,56673219741,27199862
201909,한라생태숲,1276,9147827301,92460804874,11809672
201909,한림체육관,1081,51975057,492702114,584631
201909,한마음공원,3171,3432461078,24708185841,10934197
201909,한울랜드(화석.연박물관),229,1410268880,7116820662,1079910
201909,함덕비석거리(남),10284,6059412425,21103666003,31525740
201909,현대산부인과,29458,5561323687,1.06347E+11,17019231
201909,효돈동2,4326,236608787,2748482176,2090880
201907,13코스,1309,2986481620,17570045236,5888832
201907,9코스,785,3674707241,17645585917,1893521
201907,GS25 너울빌리지점,1268,324698021,628461384,4690430
201907,교육박물관,1250,2618590641,32125759700,2586393
201907,구좌읍사무소,5118,1337060869,11725728098,17204840
201907,구좌체육관,942,2556158789,25478374974,2819069
201907,꿈바당도서관-2,1586,2108553472,46620453234,4230685
201907,남서광마을입구(남),24693,5240237310,45314410191,55092999
201907,남원읍 공영주차장,2987,6667217589,51998822505,6252968
201907,남원읍6,1829,3016787869,18856947335,1894645
201907,노리매(매화테마공원),352,665840189,2705173856,442846
201907,대기고등학교,1209,818089390,9071920769,4511687
201907,동산교,24040,15632699166,1.44833E+11,54497981
201907,마라해양도립공원,2713,6732637196,28384612681,3125359
201907,무오법정사,228,1309625882,19125445328,791603
201907,문화의 거리,25967,15676936631,1.14734E+11,53594696
201907,믿거나말거나박물관,7144,20712934844,1.12694E+11,8984324
201907,백록초등학교,2199,1473499125,12353059321,6307522
201907,보목하수처리장,647,2006001500,28876282036,3302276
201907,비체올린,288,3688267667,50105443437,4500099
201907,사라봉공원(모충사),3572,1077665088,10350384517,12285607
201907,삼성초등학교,18959,4318252235,33426213324,58991318
201907,삼양1동,10551,19615598196,1.06377E+11,48219152
201907,서귀포시외버스터미날,12709,8443410857,2.50381E+11,9989748
201907,서귀포시청 1청사,21674,20474801215,2.5932E+11,23567255
201907,서귀포여자고등학교(북),20192,20984857427,3.80676E+11,20840608
201907,석굴암 / 천왕사 숲길,434,477976316,2117730554,2158778
201907,성산읍3,11928,7315438637,73023174058,3850343
201907,성산포수협표선지점,10936,12231773040,89823092476,9086577
201907,성판악휴게소,2450,7639654658,20286377396,7514889
201907,세계술박물관,1048,431984368,4679165491,1012504
201907,세계자동차박물관,1133,10668740489,48581102807,4349367
201907,세화 해변,6092,15290230226,69883776548,25202008
201907,수월봉,616,4892685549,8537721676,1166512
201907,시민회관,23572,18429757568,2.48067E+11,99195954
201907,안덕면3,7846,4104326883,36583695130,2588694
201907,안덕면4,10024,2795952505,30406490740,2379112
201907,안덕면5,5187,1965643697,36002494285,3239342
201907,안덕면7,5446,2628559164,28759076872,1561119
201907,애월도서관,4428,5103509716,77799688671,16875467
201907,애월읍3,12691,2295945085,27883198590,40749007
201907,애월해안로,6268,6587990618,50232043560,26371972
201907,오일시장 일대 공영주차장,3032,2102352080,19597164346,10750971
201907,올인하우스,1045,7391263383,12861148393,1199811
201907,외도구획정리지구,4629,1652245488,15028781111,17331654
201907,외도동주민센터,16186,1401135435,16139305712,20260748
201907,용담레포츠공원,2723,1122337078,10828522446,9835584
201907,용담사거리,4013,965115837,9667262648,13534114
201907,용담해안 카페촌거리,13304,19137956454,1.59199E+11,58086134
201907,우도-망루등대,1469,10404949068,14826177252,1753782
201907,우도-서빈백사해수욕장,3818,33351680242,2.05193E+11,10811170
201907,원노형,20605,5217628242,29815012950,28484397
201907,월산마을,11154,6583504851,47053139499,40533135
201907,자연사랑갤러리,183,427285931,1087469265,293732
201907,자치경찰단 서귀포지역경찰대,8060,5315135837,1.01723E+11,8746470
201907,제주관광대학,7175,11853015266,1.30416E+11,26658810
201907,제주농업기술센터,553,3335578641,24225145917,2782755
201907,제주돌문화공원,522,3330811218,5747704216,2800592
201907,제주민속촌,2550,11882346822,80623391099,3278605
201907,제주별빛누리공원,334,1776118466,23731184786,1846782
201907,제주소방서 항만119센터,1096,316127170,2801435656,3984431
201907,제주유리박물관,266,967684105,7858624003,1042946
201907,제주장미불빛축제,1539,2781271057,8598964113,4967916
201907,제주중앙여자고등학교(교통섬),9643,910238787,9406344006,29972917
201907,제주추사관,654,861773789,2417569897,957582
201907,제주항연안여객터미널,1507,21811385283,2.05998E+11,5542202
201907,제주허브동산,890,3568703950,10550072071,1567370
201907,조천119센터,3141,243790237,1654837642,11371215
201907,종달리해변,784,2624478360,14983131963,3060832
201907,주상절리대,2202,4537252166,25047699225,2625549
201907,중문랜드,4752,11594717340,67210080539,6563655
201907,중문우체국,13930,11561557017,1.2762E+11,11586813
201907,탐라장애인 종합복지관,41086,6208870346,71915276733,109637326
201907,탑동입구,16719,6636310518,35888175091,27821030
201907,표선면2,1449,1330543444,15271184169,1357688
201907,하모2리,9813,7491518893,98184834193,9496607
201907,한라산국립공원,354,3074446731,7778268432,2062169
201907,한라생태숲,1586,5881262133,56838411288,13426052
201907,함덕리(3구)(북),9527,6115495777,14001397262,15512992
201907,헬로키티 아일랜드,3852,15711652743,51833158391,4393967
201907,협재 해변,9316,26539232770,69130955029,36624619
201907,협재해변,8007,68927348239,2.42037E+11,25349288
201907,화북휴먼시아(화북4상가),1213,1999490571,15201817365,3198526
201907,화순 곶자왈 생태탐방숲길,537,790819158,5463612950,570258
201907,황금륭골든힐허브팜,210,1613802771,11138494246,554483
201907,효돈동1,2074,889943340,15630428574,1038540
201907,휴애리(생활공원),485,3356949879,19295623069,3684518
201908,10-1코스,736,23534941607,1.27263E+11,8976432
201908,13코스,1349,3291980780,12331298083,7361274
201908,16코스(고내포구-항파두리-광령1리),6552,16646271402,77596989918,32096505
201908,1코스 시작점,2134,3161835959,26851278412,4062199
201908,7-1코스,10281,8745112618,2.672E+11,9280921
201908,8코스,2747,21982850747,1.32838E+11,8211821
201908, 제주의료원 부속 요양병원,1559,16330507705,2.43206E+11,43727652
201908,관음사 휴게소,1400,14902258237,94735068959,8968640
201908,국수문화거리,15538,7289861681,81575195782,36983531
201908,김녕 성세기 해변,3704,19152973637,61179574981,16821196
201908,남서광마을입구(남),26181,9474495509,42141948469,70299262
201908,노루생태공원,788,2140671831,17538543597,2817074
201908,노리매(매화테마공원),346,224233913,3207211927,467867
201908,노형오거리,67775,30871577586,2.11623E+11,168590598
201908,다이나믹메이즈,1171,6868202114,55034531079,2389489
201908,대정읍1,4187,2211634532,37287530530,4839855
201908,돈내코,2597,33312357711,2.07026E+11,10872890
201908,롯데마트,23008,5868115095,60420892453,86837028
201908,만장굴,3161,24726415785,1.03511E+11,17002912
201908,모구리야영장,1818,92684069495,1.40009E+12,45842878
201908,모슬포중앙시장,7014,6888715506,83598405994,12377396
201908,문예회관,32246,19323296843,2.59577E+11,99704177
201908,믿거나말거나박물관,7587,28587858183,1.15807E+11,8921114
201908,발자국화석지관리사무소,1423,1008801197,41846402637,1546976
201908,버스,1077350,6.72959E+13,4.44088E+12,3376571879
201908,봉개동주민센터,740,3300443964,1.18894E+11,3306754
201908,비석거리,22794,3943242772,35659418446,6562434
201908,비자림,3428,20287546678,77548561598,19619469
201908,삼성혈 문화의 거리,18620,7523342745,84080587599,78420689
201908,서귀북초등학교(동),29075,14111605807,1.8321E+11,17414992
201908,서귀포 자기주도학습지원센터,2101,3217308392,41395283779,2951258
201908,서귀포 치유의 숲,871,16352165982,82228162567,7750423
201908,서귀포성당 뒤 주차장(솔동산로근처),1547,2124392458,45154398156,4317616
201908,서귀포시 동부보건소,1714,7079805330,1.79397E+11,6293265
201908,서귀포시립이중섭미술관,926,8707538371,43104711543,4226994
201908,서귀포시민회관,4089,3176773512,45108775791,5027469
201908,서귀포자연휴양림(동백동),1001,1465209894,11918481863,1152059
201908,서귀포천문과학문화관,318,18586629972,1.00273E+11,3510054
201908,선녀와나무꾼테마공원,633,2257068129,3767916222,2918102
201908,설문대여성문화센터,2561,1693469889,18770797320,9658289
201908,성산리사무소(성산일출봉입구 서 ),10657,24737653838,1.43855E+11,13291918
201908,성산포항 종합여객터미널(출발),6000,17420414809,1.84978E+11,4944297
201908,세화 해변,5715,22204631890,87020288363,25944665
201908,소암현중화기념관,1322,2600604896,90889014075,6860573
201908,소인국테마파크,3883,27762077237,2.79014E+11,9569536
201908,애월도서관,5793,4149235539,70933902560,21234317
201908,애월읍2,3177,2917438587,22087719409,10589558
201908,애월체육관,2398,14792253690,32068265408,3002631
201908,연동대림1차아파트,20789,7456233863,88651274336,74309603
201908,오름중학교(삼화마트),139,101450784,362023096,441683
201908,오일시장 일대 공영주차장,3105,4948361503,22304192712,11682186
201908,오현중고등학교,16095,6001194755,68727226947,28015590
201908,용담공원,5280,16482188557,1.07703E+11,12275240
201908,용담해안 카페촌거리,14224,24111481906,1.36932E+11,66446759
201908,우도-서빈백사해수욕장,4206,41572076157,2.20318E+11,12977374
201908,월평마을,2130,1522928420,13999633498,7525084
201908,유리의성,435,1354060765,15784198729,1394494
201908,이도공원,5108,1340793614,22236366415,15544521
201908,이호테우해변,11149,81239181088,6.14216E+11,58248203
201908,제주 중앙여자고등학교 버스정류소,48730,22570760531,2.49193E+11,154080706
201908,제주고등학교,27691,12407912759,1.10736E+11,99825538
201908,제주공룡휴게소박물관,86,1418896981,7858407540,385484
201908,제주관광대학,6385,11678911484,1.0013E+11,24677168
201908,제주국민체육센터,2470,4375185173,60810099253,6712993
201908,제주국제공항,37774,24653219776,1.655E+11,90289670
201908,제주대학교병원,9195,1802094192,15229314431,28607651
201908,제주시청,18829,9696716725,83134572110,67599408
201908,제주옹기박물관,159,1059771749,28833952236,821880
201908,제주월드컵경기장 서귀포버스터미널,51658,25066614401,2.09269E+11,23561233
201908,제주조랑말타운,818,33721729207,5.23836E+11,17991640
201908,주상절리대(제1매표소),838,2642476887,45300265933,1413461
201908,중문고등학교(북),12957,2091891137,27189947544,3734339
201908,중문관광단지입구 (남),9234,4021825905,17617269661,3724663
201908,중문우체국,13776,11147298208,1.29452E+11,12122301
201908,중앙공원,10545,4386762724,74996056613,5795265
201908,지하상가,10916,61380429606,4.416E+11,231658702
201908,천지동자원순환센터,21783,10098967936,1.29705E+11,12099544
201908,축산진흥원,770,2253475612,3154113154,3067395
201908,코코몽 주차장,3482,10299086167,29215533834,3751887
201908,탑동 테마거리,7732,16746842312,61748202756,12723989
201908,테디베어뮤지엄,6686,22748311289,76826847898,7239280
201908,표선 해비치 해변,8640,63872768512,3.32506E+11,23216018
201908,하효 쇠소깍 해변,5166,48041503404,2.99041E+11,15250416
201908,한경119센터,2007,509723550,9269578621,7234103
201908,한국방송통신대학,25623,13002845000,75129789180,44503510
201908,한라병원,23617,20371076637,2.24213E+11,18625910
201908,항몽유적지,918,6180462494,19673506366,3244488
201908,해녀박물관,1795,2065256444,9492368925,5727148
201908,현대미술관,347,4962782356,33147857153,1632199
201908,혼인지,230,2629696659,18213309713,926217
201908,화순 금모래해변,3607,20930987032,2.36388E+11,16707360
201908,효돈동2,4413,4360830561,11354730321,1973323
201909,14코스,2693,4578141524,42463492525,14570156
201909,17코스(광령1리-외도-이호-용두암-산지천),5560,7563390121,1.12944E+11,24291268
201909,9코스,690,711822005,4689015484,1181748
201909,GS25 중문사거리점,5690,397420194,3872358906,3309178
201909,강창학경기장,6361,1753119760,26526201532,7023526
201909,건입동주민센터,697,1101090663,12139544098,2104614
201909,광양,2551,1770321779,13309535964,8640634
201909,구좌읍7,1074,160559892,1375889988,3389020
201909,구좌읍9,1000,620650710,1205268501,2898609
201909,국립제주박물관,2711,1346191448,16486116708,4148017
201909,국제평화센터,650,1671041430,30442702063,13676229
201909,남국원(교통섬),2265,356613596,1145993620,7086008
201909,노루생태관찰원,118,482368979,12552874320,1153374
201909,대정문화체육센터,11,0,0,33430
201909,대정읍1,4592,466860752,7402428849,4513099
201909,대학동(버스),14677,10522130371,1.45941E+11,49320498
201909,도두봉공원,4087,481473997,7604736258,4921548
201909,동홍동주민센터,3980,866642697,2.04599E+11,6685351
201909,로케디오월드,6,440819,847386,18871
201909,롯데리아 제주외도 DT,20780,4785127372,56868604970,40042400
201909,롯데마트,19005,5074561634,43990098280,73109794
201909,백록초등학교,1896,764921929,11496349839,5373589
201909,번개과학체험관,1303,2353633811,11669668438,5021920
201909,붉은오름자연휴양림,508,609281369,5513982302,1420006
201909,사라봉공원,2760,571371936,10301049359,3117187
201909,산천단 한국폴리텍대학(버스),9290,5433456272,68455232993,32749620
201909,삼성초등학교,18953,3637885416,45183805510,58932491
201909,삼양검은모래해변,2357,5220090690,24304753591,6995711
201909,삼양동주민센터,2685,995336796,19879573623,8423453
201909,서귀포 자기주도학습지원센터,2379,590472072,18604462809,2421883
201909,서귀포감귤박물관,508,1234397302,43102084646,5622569
201909,서귀포서부도서관,14616,54811473908,6.34981E+11,35246241
201909,서귀포시민회관,4634,534087292,8981732647,6183261
201909,서귀포전천후게이트볼장,4635,1000793183,2792029186,4043463
201909,서문시장,15170,9671046932,1.06629E+11,56417058
201909,서사라 문화거리,12524,6661433551,56799805526,76825739
201909,섭지코지,2863,3358538353,16668987804,3720640
201909,성산리사무소(성산일출봉입구 서 ),10587,6846579572,38977229670,14140022
201909,성산읍 공영주차장,4693,337590234,5841124706,2754700
201909,성산읍4,14629,3565268941,25713979345,5369489
201909,성읍민속마을-종탑,1604,199148795,1661597151,2119543
201909,세계술박물관,872,281936849,1302795011,1062477
201909,세화오일장 인근 주차장,2715,7930805347,28278641711,8572860
201909,아쿠아플라넷,2550,6836204607,75164318570,7996446
201909,안덕계곡,2885,257319487,2505489526,2572255
201909,안덕면6,4654,407346985,5277255309,1481705
201909,안덕우체국 뒤 주차장,1115,137085325,7230099287,1665710
201909,애월체육관,2134,1996712590,12379322908,4014958
201909,영화의거리->산지천,13789,20857983586,74742726065,36609767
201909,용문 사거리,5441,3149940722,31870111919,15933419
201909,"용연, 용두암",5804,6187434792,35822459472,15427141
201909,"우도- 우도봉입구,돌칸이해변",775,3246555855,19385634319,3048214
201909,우도-망루등대,1080,840734292,1901323199,1302005
201909,우도-천진항( 마을정보센타),2901,2847518746,45659026744,8947040
201909,월정리 해변,4964,26727230243,45647104125,26811766
201909,자치경찰단 서귀포지역경찰대,7891,2880976893,20987300496,6111531
201909,절물자연휴양림,2235,17370710446,87716337713,31081829
201909,제주도의회,6920,2979592948,18800309384,30855236
201909,제주도청,3693,1177260612,10119755401,13561074
201909,제주별빛누리공원,101,133941491,1748492814,362726
201909,중문관광단지입구 (남),9418,1257664705,3227766894,4149803
201909,중문동(남),17026,1222617974,24565482537,10690518
201909,중앙로 사거리,15175,4981537047,35656577794,49823800
201909,지하상가,11910,35869069265,4.7219E+11,658389746
201909,추사적거지,2874,3863768878,32738026224,3898294
201909,토평마을회관(서),5539,1076499503,20667921589,8324589
201909,하모2리,11191,2380371918,24195505927,9004979
201909,한국야구명예전당,436,15023658030,2.52958E+11,2971167
201909,한담동(버스)남,4056,7123316297,21166051117,11419510
201909,한림읍사무소,2443,1038302419,13196607754,8549043
201909,해양경비안전센터 (고산출장소),761,1008228886,2776485431,2475911
201909,화북남문,10237,2012298943,26023563590,32590772
201909,화북휴먼시아(화북4상가),2529,4311748366,41317457586,6790880
201907,20코스,5316,22409112737,94562195336,22309246
201907,7-1코스,10571,9369921112,2.09037E+11,9056245
201907,7코스,3382,7757909816,1.48246E+11,8172360
201907,GS25 서광점,3113,2590431075,33764628413,4229018
201907,교래자연휴양림,2298,14900064447,2.04492E+11,20692045
201907,구좌읍1,5871,5762151618,38706116739,20743948
201907,구좌읍4,1031,751639906,5210381597,4854782
201907,그리스신화박물관,1800,1465854892,7139590947,6141409
201907,김녕미로공원-1,638,2216691408,4827495914,1845644
201907,남녕고등학교(하와이오피스텔),58342,19602896358,1.3768E+11,182877385
201907,남원읍사무소,2734,1519790299,25629669393,4700970
201907,노형제1근린공원,7890,4083957821,50567231218,31636022
201907,다이나믹메이즈,930,4997244398,52060657159,1800308
201907,대유대림아파트,15374,4747346998,46224520452,57524586
201907,대유산업,411,4493851237,1.23686E+11,4099693
201907,도련1동(버스),2358,2444196669,19968753670,7816562
201907,동문로터리,30618,17026477953,1.34115E+11,59056663
201907,동미빌딩,25075,10921947020,1.7843E+11,11160173
201907,동홍동주민센터,4331,4217434332,2.64019E+11,6955820
201907,로케디오월드,4,2053499,11400950,14885
201907,매일올레시장주차장,3287,2154023999,24388090706,1693582
201907,모슬포중앙시장,6332,8645889579,75942810953,10663803
201907,바오젠거리,15136,14793011372,1.29187E+11,62567980
201907,발자국화석지관리사무소,1278,729752792,38646546378,1254986
201907,보건환경연구원,1026,589725462,7407492902,4399728
201907,사라봉오거리,13717,5455098131,22371034737,47814829
201907,삼무공원,72636,54202089532,4.07134E+11,237953203
201907,삼성혈-3,6125,697216567,10850720466,10260387
201907,새연교,3433,40035082974,1.72232E+11,5380498
201907,서귀북초등학교(동),31491,21082314093,2.70796E+11,22760122
201907,서귀포매일올레시장,30689,76237389231,1.09482E+12,74762252
201907,서귀포시 자기주도학습지원센터,1734,800926221,15354278657,1469942
201907,서귀포전천후게이트볼장,5081,1836879228,12441256271,4004682
201907,서귀포천문과학문화관,167,4296470563,91644220578,2185590
201907,서복전시관,1173,2004514018,34215544447,1434013
201907,선녀와나무꾼테마공원,660,3221872162,7113568113,3061245
201907,섭지코지,1394,8623843962,29690780649,2570354
201907,성읍랜드,3254,3358491755,32332249136,2310041
201907,소암현중화기념관,1328,25273618532,1.34734E+11,6304760
201907,소인국테마파크,3789,27449285786,2.08617E+11,10115298
201907,솔동산 문화의 거리,16961,34800813288,3.67195E+11,22721018
201907,송악산,2589,6519257399,23466407781,2863457
201907,수운공원,692,873800706,33928144337,811168
201907,아모렉스리조트,4022,4936855557,21700157215,13763204
201907,안덕계곡,3036,1858171032,14968430988,2646388
201907,애월읍4,5110,2240085062,20067652018,18302527
201907,예래생태체험관,712,1676145107,26858150458,1150846
201907,용담공원,5020,14382362142,69170939695,11810902
201907,용문마을(서),16458,2029679642,14128140675,60177842
201907,"용연, 용두암",6510,18219715352,53683343980,18948001
201907,"우도- 우도봉입구,돌칸이해변",822,7670724201,97944405718,2072833
201907,우도-우도면복지회관 앞,1429,6462009313,43244954220,2740857
201907,우도-하고수동해수욕장,3557,33100706213,1.45535E+11,8721380
201907,월정리 해변,6268,33698612692,82322646019,37134386
201907,이도공원,4960,2100355682,20067619286,15438808
201907,이도주공아파트,20154,3557649988,32565402764,37441199
201907,이호동주민센터,1156,2948759460,14698521409,4669377
201907,제주4․3평화공원,780,4689007194,18552116417,2411036
201907,제주공항 입구 공영주차장,82,42729523,649658484,267164
201907,제주국제공항,28205,30377657463,2.1652E+11,69825357
201907,제주대학교병원,8497,4542502734,19013897451,25841773
201907,제주도청,3409,1204053182,11858959396,12398574
201907,제주시 평생학습센터,5803,4247763479,45986226747,20298888
201907,제주여자상업고등학교,24446,14650103664,1.137E+11,74293945
201907,제주은행(북),34006,16398715252,2.22713E+11,16234251
201907,제주중앙고등학교,3562,2510273928,9574102766,10951660
201907,제주해녀박물관,1095,8891831516,32805580035,3665238
201907,종합경기장(광장 제외),2656,8922910814,1.04333E+11,15656245
201907,중앙공원,10696,3253866819,59257489781,6045724
201907,중앙로터리,20262,15332369799,2.09646E+11,14937191
201907,천지동 아랑조을거리,9535,10934250444,1.72102E+11,14017341
201907,코코몽 주차장,3081,5468847027,13811117042,2342556
201907,탑동 테마거리,8009,8221464071,42533095266,15037120
201907,퐁낭 작은 도서관 앞 공영주차장(비석거리),18269,5864267454,87202902539,10925133
201907,표선 해비치 해변,6845,35725658225,2.30404E+11,14533809
201907,표선면6,16545,11798906249,1.31209E+11,12029014
201907,표선해수욕장 주차장,5726,5288231837,98580681644,4852816
201907,한경면사무소,2387,10079050027,99851854515,11777569
201907,한국폴리텍대학 제주캠퍼스,854,379962592,2025218207,3025436
201907,한담해변,6701,27577497881,58069854680,37605378
201907,한라병원,20854,15897121109,2.20944E+11,16075336
201907,한라수목원,25347,41994426242,2.33231E+11,144511510
201907,한림공원 인근 공영주차장,3565,10088068723,49387864437,13501220
201907,함덕농협지소(북),22616,6786469792,65515716128,65811563
201907,함덕비석거리(남),11642,6688796342,55578285284,36512275
201907,항몽유적지,1269,14722165341,27932145670,3894250
201907,해양경비안전센터 (고산출장소),796,2593781370,4697347985,2800885
201907,화북동주민센터,948,564004598,8691762424,3896872
201907,환상숲,772,1797810363,9300379327,2933834
201907,흑돼지 거리,21895,7119330339,57586463079,54777995
201908,,1305715,3.65951E+12,1.99629E+13,5921031163
201908,14코스,2694,3311353329,38919544536,13861522
201908,15코스,2797,4564646882,31128539007,13396296
201908,GS25 중문사거리점,5410,2120345905,11955927371,3085719
201908,건강과성박물관,2831,3174283316,8994705530,2026854
201908,광양,2324,1464924468,9561925416,8051712
201908,구좌읍5,1731,848974869,5057978025,5852923
201908,구좌읍9,1082,368489791,1541528451,3329326
201908,구좌읍사무소,4869,831066474,9293853559,16269571
201908,국제평화센터,630,8349657126,1.0828E+11,12665921
201908,금능으뜸원 해변,5208,25643263724,98744590935,25708550
201908,기당미술관,1249,3588735130,18791870838,1843811
201908,꿈바당도서관-1,1842,2679255667,14799020495,6139540
201908,남녕고등학교(하와이오피스텔),59368,16698986877,1.23854E+11,193767960
201908,남원읍2,7770,2710277216,26600126157,3542008
201908,대정 영어교육도시,3590,10945067810,1.59045E+11,8302379
201908,대정읍2,8273,5319538392,68213468668,4745968
201908,도두봉공원,3965,3074929918,19624815699,4037442
201908,도련1동(버스),2410,1439179753,21723781855,7948042
201908,동문로터리,30217,19656982391,1.38528E+11,59835951
201908,동문시장,38588,1.10375E+11,1.11389E+12,444332894
201908,동산교,23344,7726525388,94774955032,51966274
201908,동홍동주민센터,4154,5898653707,3.18867E+11,7512174
201908,문화의 거리,23905,20259046469,1.13677E+11,50626488
201908,민속자연사박물관,668,5468221582,26123736583,2061732
201908,방일리공원,6858,3267114013,20815469908,24962723
201908,번개과학체험관,1310,7018512057,44232366301,3710243
201908,보목하수처리장,616,8792763591,46455743200,2491793
201908,비체올린,370,5542038857,61975839408,4899540
201908,산천단 한국폴리텍대학(버스),9131,5877104626,51876962000,32771921
201908,삼양2동,15925,3926530140,44725224070,61232280
201908,삼양동선사유적,1264,2061684163,24958880854,3180323
201908,삼양동주민센터(북),4848,1522579146,17746678524,15123727
201908,서귀포여자고등학교(북),20856,24757242156,4.37143E+11,20082180
201908,서귀포자연휴양림(관리동랙),1171,4831509207,25313435192,3184224
201908,서문시장,15495,9921412069,1.07555E+11,57321934
201908,서부농업기술센터,349,128426240,1069697504,1383585
201908,서사라 문화거리,11845,4932033722,43076947275,63642355
201908,선흘곶자왈 생태숲,604,4286014223,58945514573,4748950
201908,성산읍 공영주차장,4095,3554527302,11872454574,2255664
201908,세계성문화박물관(2층),1788,1090644966,10575240579,4186471
201908,세계자동차박물관,1328,12861379638,62914059179,5470676
201908,세화오일장 인근 주차장,3203,2031281434,13023346171,10088063
201908,수운공원,876,769937069,17273504185,1092713
201908,신산공원,2646,1181953285,8756503066,9548785
201908,신제주로터리,13315,7350920930,90624706993,9885293
201908,아쿠아플라넷,3248,34512331156,2.0951E+11,8463960
201908,안덕계곡 주차장,3627,1560550334,20317678289,3341370
201908,안덕면4,11050,2847562006,36034724898,2404076
201908,애월국민체육센터,2019,5788039137,62967579814,7154832
201908,양지공원,310,184297139,4819538122,1176893
201908,영어교육도시119센터,619,5242900027,28439684385,4120818
201908,영천동주민센터,3719,3517812665,57193345190,6694227
201908,예래동주민센터,646,816234801,7051919319,721911
201908,외도동주민센터,16178,1428545134,12028109175,19776436
201908,우도-망루등대,1406,9971098364,23790316068,1348159
201908,운진항,4768,54264286312,2.42336E+11,20899858
201908,이호동주민센터,1176,566479073,8925334757,4688440
201908,인화초등학교,16543,5777100812,48096560050,49480958
201908,정존마을,35819,15498618409,1.31992E+11,137052794
201908,제주다원,72,271837831,547489453,2335386
201908,제주대학교교육대학,28068,6113997059,93673702895,80552127
201908,제주도청 2청사,4841,3209774082,31102522394,17859961
201908,제주민속박물관,302,6234717733,5896140086,1450959
201908,제주장미불빛축제,1725,3833031492,7605171193,5541393
201908,제주종합경기장,6062,2369769529,29172771189,13460358
201908,제주추사관,519,906348766,2657256867,442217
201908,제주항국제여객터미널,4506,80885913230,7.17483E+11,21251282
201908,제주항연안여객터미널,2621,1.4551E+11,5.18555E+11,9419513
201908,종합경기장(광장 제외),2518,10056849444,91124872729,14594370
201908,주공아파트5단지,14788,5529323205,56935076603,6414637
201908,주상절리대,2082,5769159963,22621891417,2214502
201908,중문관광단지,18428,60383989858,3.09933E+11,32228922
201908,중앙로터리,19714,19397716684,2.16782E+11,15709780
201908,청소년문화의집(북),19789,10324424205,2.44468E+11,15332374
201908,탐라도서관,8707,2929428554,17655726094,30741265
201908,표선면사무소,2291,13458543466,1.18762E+11,4329446
201908,표선해수욕장 주차장,7289,8226956203,99608752852,7007166
201908,하도 해변,1313,9424671818,37289019758,5819444
201908,하모3리,6423,3933343698,65700974645,5807711
201908,한국야구명예전당,443,33618286344,3.37695E+11,2962046
201908,한담해변,7005,26365771763,1.0313E+11,38962518
201908,한라산국립공원,467,3856926224,12723356530,2450141
201908,한림공원 (협재․쌍용굴),1482,10454801485,9942418666,6684373
201908,한림공원 인근 공영주차장,3533,5710406243,29331700980,12815705
201908,한림종합운동장,5105,10315837728,1.14499E+11,26618326
201908,한림체육관,1286,324883834,5048071368,978083
201908,한마음공원,3621,2809293071,23624275259,12320778
201908,함덕 서우봉 해변,20867,80476676258,3.77514E+11,129133104
201908,해양경비안전센터 (고산출장소),657,3358026412,4694030774,2161757
201908,헬로키티 아일랜드,4330,26313567304,75744024097,4793966
201908,현대산부인과,28293,17297708693,2.22067E+11,17623007
201908,협재 해변,10235,23739632871,66083517806,41408618
201908,협재해변,8509,67494512667,2.46749E+11,25805395
201908,효돈초등학교(북),6595,5669206159,85819705511,8218936
201909,10-1코스,752,8379494662,48558090469,8076331
201909,11코스,2320,251505807,5213288769,1228694
201909,13코스,1405,6432393500,39749098156,7844659
201909,15코스,2654,7027440708,51314185906,14809143
201909,1코스 시작점,1743,840320041,7583680231,2518226
201909,2코스,3282,599221265,6360317657,6230915
201909,관음사 휴게소,996,7292589052,19146834610,4129314
201909,광치기해변,13094,5987583358,10744966653,8524598
201909,교래자연휴양림,2841,10587331741,1.07076E+11,16521817
201909,구좌읍3,2265,323889076,2556911485,7841267
201909,그레이스호텔,1738,594682089,6981970558,6412889
201909,그리스신화박물관,1787,3221642705,5724982614,6130278
201909,금산공원,663,673210241,6613876590,3887374
201909,기당미술관,1566,444795846,2231105132,2053866
201909,김녕 성세기 해변,2554,9225723649,42195428617,11526511
201909,꿈바당도서관-1,1321,1489085258,3791919028,4713935
201909,꿈바당도서관-2,1042,826472954,16019792008,3698898
201909,남녕고등학교(하와이오피스텔),56739,14624373933,1.07712E+11,188098407
201909,남서광마을입구(남),25441,6449037650,55633909699,71596568
201909,남원생활체육관,1585,2583840342,76156825783,7153610
201909,남원읍2,9322,506464142,7990122996,5122795
201909,다이나믹메이즈,988,1596336203,18341531017,2025875
201909,더마파크,744,7116976965,60827260296,6013870
201909,돈내코,940,1030746340,25876210080,3514373
201909,만장굴,2163,13424607584,67673510420,12462667
201909,모구리야영장,794,8513369735,1.15119E+11,17360798
201909,문예회관,31678,16092870480,2.12384E+11,97638070
201909,문화공원,6755,3142858120,42689619873,10676710
201909,믿거나말거나박물관,6574,3736127573,21793334633,7160499
201909,방림원,221,1295233024,1309091447,739326
201909,봉개동주민센터,652,1713222160,58859493201,2539170
201909,비체올린,182,2090172791,17107310305,2132487
201909,빅볼랜드,348,607899804,1276332441,1270413
201909,사계 해안도로,3077,1845223225,2235650643,2098634
201909,삼성여자고등학교(북),18718,982305857,12779885421,6326936
201909,삼성혈 인근 공영주차장,6794,2107494023,24597644343,21371052
201909,삼양초등학교(남),17285,15172629043,1.3563E+11,54453426
201909,새연교안내소,3315,2305416959,12732772996,4550840
201909,서귀포매일올레시장,31188,25354384948,3.03745E+11,76361586
201909,서귀포성당 뒤 주차장(솔동산로근처),2279,610978233,3330711504,4324113
201909,서귀포시 구 버스터미널,20560,2990572714,46944089570,12766949
201909,서귀포시 자기주도학습지원센터,1994,551729190,6228181798,1968887
201909,서부농업기술센터,371,588939928,4319091500,1595093
201909,선흘곶자왈 생태숲,519,2725648162,40023832753,4082924
201909,성읍민속마을-성읍관리실,2122,4380846820,47475780263,5292378
201909,세화 해변,5189,10385145329,52475182902,25088804
201909,수목원테마파크,957,962418629,3313619527,3167540
201909,신양 섭지코지 해변,4976,1154167662,12266432597,4580542
201909,신재생에너지관,257,1618906934,5668542054,1290205
201909,신흥리(마을입구) 함덕고등학교(남),6600,4913157302,47440823466,23577197
201909,안덕계곡 주차장,3716,524428884,5473515125,3568356
201909,애월국민체육센터,1472,1194678669,25328592509,5792742
201909,애월읍4,5305,3054730837,21298872093,18215317
201909,엉또폭포,934,2388199724,10371544992,1457638
201909,오일시장 일대 공영주차장,3483,2314979713,33348651117,12990489
201909,원노형,19859,5451550299,33458629391,55151495
201909,월드컵경기장 대도로변 입구 매표소,23665,8668878211,39013841030,9312791
201909,은남동,27347,13186831722,67315154856,82493401
201909,이도공원,6910,843455240,5714042001,21042710
201909,일도이동공영주차장,13433,1946193743,37195908853,44838402
201909,자연사랑갤러리,186,36867820,189083859,290672
201909,정부제주지방합동청사,27432,7786084205,79565382018,68667936
201909,제대아파트,8283,762914231,5098349606,29191475
201909,제주공룡랜드,1325,1375541905,13559122387,5534164
201909,제주국민체육센터,1785,604037206,17785963172,4848302
201909,제주대학교,25101,21401684453,2.041E+11,95432397
201909,제주도청 2청사,5243,4351395551,41054802223,19012854
201909,제주레일바이크,820,6192876653,57307942326,3194992
201909,제주서커스월드,3608,848849293,15459335049,2965138
201909,제주시민회관,1705,1830096620,17417169670,9035522
201909,제주장미불빛축제,1475,2559096383,7071853323,4785873
201909,제주조랑말타운,770,8435090977,1.28209E+11,14799167
201909,제주종합경기장,5371,2217856680,37359384833,11825773
201909,제주특별자치도청,16192,6825314204,46909191245,55672175
201909,제주해녀박물관,921,1705758999,9412573667,2735789
201909,조안베어박물관,321,1069386647,2372976193,1872463
201909,조천119센터,3555,607713929,2039788999,13003369
201909,조천읍사무소,4352,2099723922,31013383879,17589339
201909,천지연 공영주차장,4331,402437349,7280629310,2337264
201909,축산진흥원,730,1158420891,3681064868,2958004
201909,칠십리 음식 특화거리,14846,8241388312,1.23657E+11,31856602
201909,칠십리공원_A,9260,3470114340,25909195672,7954181
201909,케이티앤지,34507,22769293377,3.57638E+11,141085675
201909,큰엉(남원관광지구),50,175392638,467649305,43384
201909,테디베어뮤지엄,5608,5638301854,24217098489,6744422
201909,퐁낭 작은 도서관 앞 공영주차장(비석거리),17564,1184410396,14948928282,9625225
201909,표선면6,16172,3544163242,34288587156,8578138
201909,표선생활체육관,1537,800042825,14648762247,4244316
201909,표선해수욕장 주차장,4410,840555491,25233093503,6043545
201909,하도 해변,709,1988209817,5937180374,2369086
201909,한경면3,1490,622963919,5083802035,4515370
201909,한경체육관,1524,1253326001,20209099175,7993123
201909,한국병원,13071,5710308160,28824830296,41473832
201909,한림읍1,5945,1124711506,5318777876,21047376
201909,항일기념관,482,4163881175,57845442680,5839524
201909,현대미술관,286,1365140009,14288898068,2065791
201909,화순 금모래해변,2137,2900128122,27673221031,9367354
201909,환경성질환예방관리센터,218,1191181829,5121528995,922025
201909,휴애리(생활공원),515,97959348,1536886602,2145394
201909,흑돼지 거리,14816,8663604933,69475322476,30465996
201907,10-1코스,760,35915978384,1.70185E+11,9814293
201907,11코스,2217,2177383169,28287461798,2332611
201907,18코스,8291,21312285472,75914021905,35295559
201907,8코스,2598,20049320213,1.08297E+11,6988187
201907,GS25 중문사거리점,5298,4771628601,21586171734,3893494
201907, 제주의료원 부속 요양병원,1746,23649520996,2.3857E+11,42327788
201907,강창학경기장,6208,4500137842,97260570501,5388830
201907,거로마을,21193,2407417297,19704588759,68740992
201907,건강과성박물관,2005,1490246905,5389212065,1607365
201907,건입동주민센터,782,3127913997,5146018204,2459339
201907,걸매생태공원,13152,15230691957,1.95371E+11,10862610
201907,구좌읍5,1862,2054734150,3298352782,6309943
201907,금산공원,1128,2444712174,16213949950,3894076
201907,김정문화회관,848,2514289857,17568289499,2150957
201907,남원읍5,2040,4031677003,30881702714,3691449
201907,노형동주민센터,7360,2854665422,28118431189,27015059
201907,노형오거리,61149,25958774767,1.76064E+11,155502167
201907,대림2차아파트,15222,5468588098,58364780124,58927418
201907,대정읍1,4317,1678473101,29544320615,4331553
201907,더마파크,747,5238914826,57798351156,6563806
201907,동광 R 주차장,4379,4658557559,29541985524,1791154
201907,롯데리아 제주외도 DT,20906,5573794489,78198335175,50304272
201907,롯데마트,41214,18980232774,1.52912E+11,133149054
201907,무릉문화의집,290,1375493251,13452108787,319671
201907,문예회관(전기차),11453,1828906161,19569646815,38909963
201907,방림원,249,559723800,1135364158,895667
201907,백년초박물관,247,482928650,788295059,138379
201907,버스,1046474,6.56503E+13,4.17191E+12,3279298550
201907,별빛누리공원(전기차),245,114596195,1550833344,600694
201907,부영아파트(LH으뜸마을),3574,7699148349,63043267674,11051149
201907,북촌돌하르방공원,207,4723185699,55900787932,2742537
201907,비자림,3623,16329751937,68699684082,21818016
201907,빅볼랜드,421,2312814204,8374589798,1795111
201907,사라봉공원,2932,3871365887,58993646249,4541706
201907,"산방산(용머리, 하멜상선)",1189,9243636659,46125087295,2949594
201907,삼양동주민센터,2886,2301288706,17609237978,9254838
201907,생각하는정원,966,4944797660,15624698063,5476213
201907,서귀포 자기주도학습지원센터,1969,3062644256,45610175846,2776664
201907,서귀포시민회관,4157,1831041609,29342686674,6657926
201907,서문시장,16080,7700206490,88678187930,52403638
201907,서부농업기술센터,366,691449485,9306126001,1647680
201907,성산리사무소(성산일출봉입구 서 ),10176,26522863391,1.81185E+11,13270451
201907,성산포항 종합여객터미널(출발),5209,12077791915,72197761976,4620527
201907,성읍민속마을-가로등,2653,17952553399,1.37494E+11,8454789
201907,성읍민속마을-성읍관리실,2230,13764976611,1.82772E+11,6501427
201907,세리월드_동화속미로공원,3914,5856376541,79243043262,7216447
201907,신재생에너지관,179,1072360895,2843141321,1623327
201907,안덕계곡 주차장,3592,3204020776,39807668714,3743278
201907,안덕면2,7857,14070415664,2.68506E+11,13310707
201907,안덕생활체육관,1721,4626121912,68897930297,4603829
201907,알프스얼음보석궁전,238,1105774746,24452567662,1814124
201907,엉또폭포,1167,4829777802,17956878849,1859214
201907,에코랜드테마파크,2431,10275237896,40890614014,9696659
201907,연동대림1차아파트,22527,10848942619,1.18213E+11,84015086
201907,영화문화예술센터,1800,1.46532E+11,2.95117E+11,12378797
201907,오현중고등학교,18063,7602511130,67349442117,20838555
201907,왓썹인제주,5,1047569,15310496,15880
201907,우도-천진항( 마을정보센타),3498,13306550938,1.47611E+11,7953639
201907,우령이 마을,14098,6919192388,70014450409,30366180
201907,우리은행 서귀포점 인근 공영주차장,15301,12777431991,1.95265E+11,13474989
201907,월드컵경기장 대도로변 입구 매표소,35266,8133268964,96481175727,14346355
201907,월평마을,2053,1119686761,17120802254,7252012
201907,이상한나라의 앨리스,265,99150496,1425466131,205810
201907,이호테우해변,10922,68936903601,5.64207E+11,49844428
201907,일우 한란 아파트,2527,1422006532,16336871886,7691682
201907,일출랜드,605,4619056034,14048439683,1158069
201907,정방폭포,2975,29253738136,2.99613E+11,8154733
201907,제주공룡휴게소박물관,65,805957117,12605830952,388827
201907,제주다원,51,873701491,657527669,1174429
201907,제주서커스월드,3589,3494254383,34251946438,2349843
201907,제주시민회관,2687,18517743764,2.20196E+11,17803860
201907,조천읍1,5776,1431069165,16168259498,19721781
201907,조천읍4,11866,11720242833,90794488482,17439684
201907,조천체육관,3469,10430223601,76023092661,13328714
201907,중문·색달해변,4305,44436896740,2.14883E+11,12533510
201907,중문초등학교(북),27025,17891527487,1.97341E+11,17008300
201907,중앙로 사거리,17441,6685573830,48143007702,64583029
201907,지하상가,10826,55624432932,3.47041E+11,198766292
201907,천지동자원순환센터,21036,5759310515,86220527887,12118883
201907,칠십리 음식 특화거리,12825,44644777830,3.53832E+11,22765603
201907,큰동네(버스),21350,5058553000,43377414014,83643118
201907,탐라도서관,7150,3122898803,14410018258,25679813
201907,판포해변(포구),4545,4317435113,14020314133,20102500
201907,표선면4,15976,13076177174,1.62211E+11,12738396
201907,하귀초등학교,1182,406223068,5391959085,3828717
201907,한라도서관,6237,1982384550,20121501674,22059194
201907,한림체육관,1280,866595359,11551102436,1594673
201907,한마음공원,3916,2389118233,17647212596,13721133
201907,항일기념관,578,31455545631,2.70643E+11,7588646
201907,효돈동2,3645,809843515,10372532832,1699426
201908,11코스,1966,1742799126,39854066786,1784685
201908,5코스,4103,4654627762,55023269533,6776149
201908,7코스,3982,10292129645,1.67381E+11,10174822
201908,9코스,842,2496330451,15430533699,1531552
201908,갓전시관,31,17378240,195081412,118350
201908,강창학경기장,6440,2409167846,60529114308,4703690
201908,거로마을,21616,2319077536,15551709207,70252797
201908,걸매생태공원,13437,9546671204,1.17258E+11,11275043
201908,교육박물관,907,1095464631,22811516763,2016185
201908,구좌읍1,3498,1593696400,14004779118,12289073
201908,그레이스호텔,1294,247688019,5797503104,4146859
201908,김정문화회관,718,4178357441,27042631915,1397598
201908,남원읍 공영주차장,3287,3384514464,25540270846,6092325
201908,노루생태관찰원,95,901961075,15757451972,799546
201908,노형동주민센터,7373,3668638504,23260883264,26851143
201908,대학동(버스),12542,9246726957,82340999250,41598501
201908,동광 R 주차장,4395,4365395481,14305241041,1810741
201908,로케디오월드,1,36881,63934,3702
201908,문화공원,7117,12423822897,1.7085E+11,11381325
201908,문화예술의 거리,21379,14907828728,1.16009E+11,71060083
201908,방림원,225,298713467,852140937,753159
201908,보건소,1754,275249875,1759534025,6055282
201908,봉개동(버스),268,373000925,4308307357,960780
201908,부영아파트(LH으뜸마을),2872,3747465792,37576680387,8947411
201908,북촌돌하르방공원,177,3071025947,92646189852,2095902
201908,빅볼랜드,364,302499687,1973613582,1280852
201908,사계 해안도로,3212,6716459775,17034884308,2978095
201908,사라봉공원,2953,5358409552,58345939442,4200046
201908,삼양1동,9663,11027029397,1.17099E+11,42306642
201908,삼양검은모래해변,4982,7788422816,38032979256,18679025
201908,삼양초등학교(남),17908,11294469740,1.07562E+11,55370818
201908,새연교,4893,36017672004,1.24049E+11,8542570
201908,생각하는정원,984,3946830347,20011640051,5734951
201908,서귀포농업기술센터,2353,5408681198,53159852641,8690121
201908,서귀포롤러스케이트장,581,1291797742,18627283665,1297512
201908,서귀포매일올레시장,30772,85033856773,1.01248E+12,72379941
201908,서귀포시궁도장,279,301741451,6621193283,599764
201908,서부두 명품회집거리,11949,37486769425,2.56398E+11,40964659
201908,서해아파트(버스),2107,2127483486,4239277503,7350945
201908,석굴암 / 천왕사 숲길,567,752203408,7304041224,2958795
201908,섭지코지,578,4301554068,12150135825,912129
201908,성산읍3,11904,8329050083,72702759087,3467364
201908,성산읍사무소,5090,8448772244,82583027408,8189109
201908,성판악휴게소,2628,9777620406,14544910720,7840728
201908,세리월드_동화속미로공원,4342,10337500129,1.03533E+11,8664237
201908,수월봉,704,7519211009,15275701140,1096446
201908,시민복지타운근린공원,1994,3330475068,52166088267,6826056
201908,아랑조을거리 공영주차장,15044,5024991662,75608248923,5474047
201908,안덕면7,7044,3749972311,36354650976,1708303
201908,영화문화예술센터,1915,65884301405,1.64209E+11,9765902
201908,용담사거리,3323,431757620,5453254820,11332729
201908,"우도- 우도봉입구,돌칸이해변",928,6554366768,68090188126,2408496
201908,우도-우도면복지회관 앞,1312,2943303582,45280977674,2877114
201908,우령이 마을,13757,4930837709,64522287976,29850080
201908,우리은행 서귀포점 인근 공영주차장,14895,12920156513,1.462E+11,11903814
201908,워터월드,1819,9133320128,44434205883,4304498
201908,원노형,19822,5352599185,31052851801,31789174
201908,월드컵경기장 대도로변 입구 매표소,35283,29654900887,1.52764E+11,20933318
201908,이도주공아파트,31101,6728078309,49771059444,82849588
201908,일도이동공영주차장,14335,2727264738,77011237620,47726524
201908,자연사랑갤러리,181,3208345230,7084422925,346324
201908,정부제주지방합동청사,27787,7511585535,79383196025,78054796
201908,제주대학교,14783,12109433880,1.36747E+11,42689639
201908,제주대학교 입구,8522,1918556441,13658370762,27406405
201908,제주도립미술관,649,9082817820,50848266396,2364590
201908,제주도청,3198,1527069900,9715889257,11972302
201908,제주돌마을공원,153,502359179,2570885360,731986
201908,제주돌문화공원,518,3359029250,1415678903,2835046
201908,제주러브랜드,2092,15914759079,22719214638,7923458
201908,제주레일바이크,802,2137726063,7258430833,2771325
201908,제주목관아,7811,7651944986,21389432867,19471583
201908,제주미니미니랜드,4916,2249747612,27256497412,16690395
201908,제주민속오일장,28319,5968467737,62969250004,75554116
201908,제주민속촌,2965,12382432851,91944363637,3666472
201908,제주유리박물관,262,1957761766,8204020364,1009601
201908,제주특별자치도청,15300,6492462919,47359869581,52363983
201908,제주한라대학교(아쉬람BD_CU),19847,14465856488,1.18996E+11,70691393
201908,제주해녀박물관,1271,14245014538,43467177139,3780903
201908,제주허브동산,842,4930621860,10543941689,1346021
201908,조천읍4,10716,9333083036,88578815735,27574041
201908,중문랜드,1170,2477036636,13129062106,1852187
201908,천제연폭포,5791,33847525331,3.8424E+11,13312385
201908,천지동 아랑조을거리,9489,10036387450,1.5766E+11,11687321
201908,칠십리 음식 특화거리,14115,53875884385,3.93203E+11,25950755
201908,큰동네(버스),19699,4312006479,48570103772,77882243
201908,판포해변(포구),4287,5794738072,12007008637,18173079
201908,표선면1,3273,638830568,5997893585,1490886
201908,표선면5,7226,6782703288,76094434465,6594357
201908,표선생활체육관,1533,3781853303,69056689368,5012496
201908,한경면4,2406,171997820,595283256,4787447
201908,한라도서관,6163,2279380650,17841966723,21585232
201908,한림읍사무소,2237,1228595104,7328889323,7704638
201908,화북휴먼시아(화북4상가),2648,5760311902,38742755310,6975257
201908,환경성질환예방관리센터,386,1721501893,3677030874,1618597
201908,회수사거리,4167,1080386395,24499551313,4067538
201909,,1317139,2.8378E+12,1.19878E+13,6308811249
201909,16코스(고내포구-항파두리-광령1리),5480,10830694159,52918800634,25926911
201909,갓전시관,27,145647663,209995648,83951
201909,강창학B구장,151,46159709,663942958,802553
201909,고마로 거리,48536,17687303854,1.20478E+11,197522505
201909,구좌읍5,2504,892779920,5557391994,8391425
201909,구좌읍사무소,4716,682182914,9207284439,16432753
201909,김녕미로공원-1,521,1702145734,2970655644,1403900
201909,김정문화회관,860,2578994603,54092169755,2893143
201909,남서광마을,27425,6221645391,53102424086,85661090
201909,남원 동부보건소,4829,1768804729,17608737423,6300811
201909,남원읍3,5177,552785323,26752868884,2522090
201909,남원읍사무소,4521,798693675,17475388037,5055869
201909,노루생태공원,564,738712181,9476680150,1991733
201909,대림2차아파트,14957,5199164421,56224028954,58189935
201909,대유산업,349,826661990,31720429819,3651029
201909,도련1동(버스),2276,1083066414,16889040869,7417562
201909,동문로터리,31799,13254717105,89113675317,60021316
201909,동미빌딩,27512,3081746715,41639247120,12898437
201909,매일올레시장주차장,3511,832934028,1257031762,1234475
201909,문화예술의 거리,20574,8897220684,89983272440,68852071
201909,버스,1050649,6.22102E+13,3.88455E+12,3242321168
201909,블루마운틴커피테마파크,691,760435211,10905860223,1426219
201909,삼성혈-3,5630,729025349,4512241360,15228067
201907,16코스(고내포구-항파두리-광령1리),6573,9752813384,66948555113,32155140
201907,17코스(광령1리-외도-이호-용두암-산지천),6771,42546561371,3.69857E+11,34947072
201907,2코스,2813,3757698458,1.07897E+11,5018212
201907,5코스,3946,10023224821,76257986998,7766380
201907,KT성산포지점,9137,1276746684,10403243574,4359575
201907,광치기해변,16186,26389797167,73125450498,11780314
201907,국립제주박물관,3150,6965955997,51975338313,4965621
201907,국제평화센터,414,4924574852,56824702367,4305170
201907,그레이스호텔,1315,327688464,4423487506,3936063
201907,금능으뜸원 해변,4890,27772490597,72777845317,23599757
201907,기당미술관,1165,6392481040,37481921021,4229853
201907,김녕 성세기 해변,3289,23059337506,66559553471,13990951
201907,김녕미로공원-2,489,6430606508,3016038089,1364298
201907,김창열미술관,733,2030216628,3085978370,2562627
201907,꿈바당도서관-1,1583,1976069860,9741836301,5556123
201907,남서광마을,29763,6115150411,71962235270,98137167
201907,남원 동부보건소,4755,7974035851,83942526172,8581659
201907,남원읍4,5123,15716629565,56479255118,2286339
201907,도남공원,1928,5061631267,59607744743,8077343
201907,동문시장,38695,1.25913E+11,1.31673E+12,448065593
201907,메이즈랜드,552,3267133253,30218149508,3363323
201907,모구리야영장,1167,48664186127,7.92364E+11,24138745
201907,블루마운틴커피테마파크,646,2863037881,27564806771,1597011
201907,사라봉공원(충혼각),2147,984900135,7562034254,7870440
201907,삼성혈 문화의 거리,18835,11881157652,80861261119,84246069
201907,삼아아파트,11937,3283313017,56009442584,6010040
201907,삼양2동,17831,3840309057,56079629844,67155456
201907,삼양검은모래해변,6060,15913485548,39180038763,21316129
201907,삼양초등학교(남),18922,11260200470,1.07571E+11,58820460
201907,서귀포감귤박물관,825,33003118028,1.98743E+11,7720051
201907,서귀포시 동부보건소,1662,6030051885,1.92187E+11,5813860
201907,서귀포예술의전당,8453,2557668824,25378291187,3708880
201907,서귀포자연휴양림(녹나무동),402,2938383403,5614734489,1046671
201907,서귀포자연휴양림(동백동),629,1932478991,7633144393,678785
201907,서문가구거리,28749,10955344820,72488629068,88558106
201907,설문대여성문화센터,2878,3177923546,26774972487,11031458
201907,성산읍1,6440,7302123656,1.50795E+11,5544137
201907,성산읍2,4432,8862396568,2.19789E+11,10221737
201907,성산일출해양도립공원,10455,91224317713,5.21626E+11,28716068
201907,성산포항,6232,13939569092,1.51474E+11,9526507
201907,성산하수처리장,1850,3589688769,36263910168,2558358
201907,세계조가비박물관,13142,3451023879,15198975430,5971486
201907,세화오일장 인근 주차장,2851,3503990481,8949892824,9258172
201907,수목원테마파크,1039,586318072,3246467799,2937469
201907,신성여자중고등학교,12974,8461884535,70490038111,43164812
201907,아랑조을거리 공영주차장,13861,4206440871,30057514800,6856779
201907,아쿠아플라넷,3785,31597872508,1.86226E+11,8379342
201907,아프리카박물관,423,2516085581,47628992922,3949150
201907,안덕면1,7732,6671149105,79642138771,8225779
201907,안덕면6,3918,1502801466,22929261825,1197633
201907,양지공원,271,211616791,3274246975,1041518
201907,영천동주민센터,3845,5288582094,67372429727,5231168
201907,영화의거리->산지천,12303,26812577413,77435911168,31439649
201907,예래동주민센터,651,427129512,3513742090,706786
201907,외돌개,2668,12785513735,51536091395,6904979
201907,용문 사거리,12590,3802566117,44871899906,39374824
201907,워터월드,1926,14046168100,71935527464,4448463
201907,인다마을,18761,4600679180,37204563711,63139395
201907,일도이동공영주차장,15006,2643575963,40399121076,50250579
201907,정존마을,33596,15575545848,1.2608E+11,127529206
201907,제주대학교 입구,7466,3371879499,15112077043,24042185
201907,제주대학교교육대학,26629,6908336932,1.1121E+11,67825990
201907,제주도의회,7518,3107268289,24351351499,25765494
201907,제주목관아,8286,6302326086,15632899394,20407921
201907,제주민속박물관,336,13544573855,11772050211,2013249
201907,제주민속오일장,28891,6492320801,61693873874,77472817
201907,제주한란전시관,279,1351699527,27014562493,1337833
201907,조천읍2,5875,2208940796,21137425165,19576545
201907,조천읍3,15060,14650988147,67209455869,37774948
201907,조천읍사무소,3254,2433803154,28543062132,13333191
201907,천제연폭포,6074,31154141607,3.94431E+11,13689399
201907,추사적거지,2876,19082119752,1.15284E+11,6330782
201907,축산진흥원,542,1118143892,3285009487,2392567
201907,칠성로 쇼핑거리,31857,37590446676,2.08246E+11,123949016
201907,카멜리아힐,2062,23593924373,1.54667E+11,6415169
201907,케이티앤지,35948,23963988051,3.36445E+11,125255047
201907,탑동 테마거리->중앙로,41447,57646133830,2.5569E+11,128161451
201907,테디베어뮤지엄,6277,21019900207,92560033099,7043585
201907,포니벨리,1026,4367208469,49570271059,2107773
201907,표선면3,12744,6238187324,1.02313E+11,9287205
201907,플레이케이팝제주,1287,8391463589,40932357462,2200106
201907,하모3리,6731,6376996037,62994604738,5722118
201907,한경면3,1587,1888227667,10159734485,5086170
201907,한국병원,11126,2628041500,29776830603,35922320
201907,한라중학교/부영아파트,20110,10818402532,1.2806E+11,72350838
201907,한림읍사무소,2215,2681776205,20735791433,7866618
201907,함덕 서우봉 해변,21190,1.09252E+11,3.77351E+11,128461698
201907,화북주공아파트,6759,2717159441,29472570228,6418047
201907,화순 금모래해변,3340,20200989103,2.0698E+11,15391143
201907,환경성질환예방관리센터,319,1549001500,4348720545,1475207
201907,효돈초등학교(북),7378,9255018819,1.17974E+11,10761721
201908,20코스,5725,21043008390,79786575948,24171162
201908,2코스,3173,2816471690,58139416138,6730510
201908,GS25 대포점,1749,587638412,4685598188,976055
201908,KT성산포지점,10220,2051757262,12965398604,4624652
201908,강창학B구장,140,253252607,6322259664,641564
201908,교래자연휴양림,3661,30341621223,2.1858E+11,27509848
201908,남원 동부보건소,4996,4523480493,58241514344,6226852
201908,남원읍4,5039,8523101278,69602355366,2269158
201908,남원읍5,1807,2518473153,52246715734,3969459
201908,노형근린공원,15850,5585866200,64927062231,65202692
201908,노형우체국,26392,10924415182,92910167511,96060652
201908,노형제1근린공원,6970,5235411372,49340487266,28522028
201908,노형초등학교,43180,13803271423,1.08759E+11,140597878
201908,대림2차아파트,14638,4764069653,51394461249,56039572
201908,문예회관(전기차),11271,2148161832,20714950346,39176719
201908,백록초등학교,1895,1054564079,5680921320,5378520
201908,보건환경연구원,747,1257438924,13378598349,2877445
201908,사라봉공원(충혼각),2026,804120655,7202072330,7258855
201908,삼무공원,72629,41333319987,3.36516E+11,235054562
201908,삼성여자고등학교(북),16463,4836564930,49066467450,4887275
201908,상효원,247,1908929965,23941260547,2300464
201908,서귀포서부도서관,16269,73488173236,1.56775E+12,42957135
201908,서귀포시외버스터미날,13406,40458107787,2.36262E+11,11763649
201908,서귀포전천후게이트볼장,5234,1665623419,10256733009,4036256
201908,성산읍4,14146,8731027482,70061426959,3875290
201908,성산포항,7093,16448067012,1.58485E+11,9260772
201908,성읍랜드,3810,9745703845,30772875916,2749639
201908,성읍민속마을-가로등,2569,9959826160,1.41797E+11,8361776
201908,성읍민속마을-종탑,1542,1086239953,18529811979,1797612
201908,시민회관,22702,30925533900,2.18557E+11,94973561
201908,시외버스터미널,9653,6887968389,54742261435,7276586
201908,신비의도로(도깨비도로),2382,16770814614,34755025420,7409309
201908,신흥리(마을입구) 함덕고등학교(남),7489,6738033942,46940836877,24263356
201908,안덕계곡,3134,1436597350,11356325710,2683333
201908,안덕면5,5659,1906365838,29146467096,3121125
201908,안덕면사무소,1311,5829082000,32585121939,1665537
201908,안덕우체국 뒤 주차장,1135,1658446340,28713631343,1974565
201908,알프스얼음보석궁전,242,1303284659,37125450309,2111801
201908,애월119센터,4909,1659806675,24411375513,17925811
201908,약천사,1268,11080502322,1.07682E+11,4088879
201908,엉또폭포,728,3896583138,9661150005,1522441
201908,에코랜드테마파크,2827,9717227361,44934945886,10379520
201908,연동주민센터,33752,14244813669,89578988950,145556007
201908,외도구획정리지구,4239,1884952928,23289203253,15834655
201908,용담레포츠공원,2716,1074903097,11338877071,9733101
201908,용문마을회관(버스),6772,1278055565,5494024101,22817510
201908,우도-하우목동항,5069,25996302328,1.29912E+11,10316372
201908,이중섭거리,8521,52418290501,2.25849E+11,16292222
201908,일우 한란 아파트,2547,1936716734,25656647642,7737592
201908,"전쟁역사박물관 (구,평화박물관)",278,1374072364,5459498461,1770993
201908,절물자연휴양림,3849,39194385634,1.94812E+11,49498527
201908,정방폭포,3229,28890411576,2.83092E+11,8849218
201908,제주4․3평화공원,994,5624347112,27045198851,4467126
201908,제주공항 입구 공영주차장,62,30731739,859938760,227972
201908,제주도의회,7229,2049303339,25668727391,24894766
201908,제주시 평생학습센터,5037,3841469075,24014044620,17191373
201908,제주시자치경찰단,1221,1146745743,12800802282,6008254
201908,제주중앙고등학교,3226,1332376182,9903043839,8718778
201908,제주중앙여자고등학교(교통섬),9318,987755509,8014164663,28917744
201908,조천읍2,6278,4026136808,19340817966,20874833
201908,조천읍사무소,3665,2301996681,32346179798,14315313
201908,조천체육관,3688,13346334572,1.40675E+11,16934328
201908,중문·색달해변,4700,52417083283,1.66079E+11,13919390
201908,중문초등학교(북),217,57979566,809805968,72219
201908,중앙로사거리,8761,5376873156,63564299271,7515216
201908,천지연폭포,8543,1.17286E+11,3.49109E+11,26285973
201908,칠성로 쇼핑거리,31591,32409738962,1.87735E+11,116809490
201908,카멜리아힐,1412,17125015270,1.27176E+11,4385852
201908,탐라장애인 종합복지관,41107,9056866167,72972422200,112369385
201908,토이파크,3147,21020669434,1.12213E+11,7174591
201908,포니벨리,1142,2180743566,26335186212,2119495
201908,퐁낭 작은 도서관 앞 공영주차장(비석거리),17552,4827414008,72682082817,10356369
201908,하귀초등학교,1367,1061945312,7756776469,4365779
201908,한경면3,1632,612209976,4197561309,5098172
201908,한경체육관,1607,2132245426,43376221253,7434425
201908,한국병원,13791,3111308569,30577441197,43276376
201908,한림읍1,2315,127572376,668727725,8220075
201908,한울랜드(화석.연박물관),164,1285643056,7520536498,868332
201908,함덕농협지소(북),46522,25211985202,1.83212E+11,128090879
201908,함덕비석거리(남),11698,6452139521,35610359342,36453194
201909,18코스,3109,7821304161,31129162526,11787287
201909,19코스,8135,11343228879,2.17971E+11,22901983
201909,21코스,1464,2746777110,15692334569,6184077
201909,8코스,2509,4901746380,36926657946,8020387
201909,걸매생태공원,13155,2805310735,68062327318,12273805
201909,곽지과물해변,2738,13315790916,31553169620,8147330
201909,교육박물관,1232,387623107,7220554718,2465970
201909,구좌읍4,1899,914727307,8251257603,7943542
201909,구좌체육관,939,1944867452,14397973021,2895890
201909,금능으뜸원 해변,4598,36323130831,1.04873E+11,64297105
201909,남원읍 공영주차장,2900,263035568,2667716457,3862780
201909,노형근린공원,14111,5937029623,44199525129,65338872
201909,노형동주민센터,7293,1872341416,18249192117,26308297
201909,노형오거리,65672,24979246260,2.14449E+11,168570407
201909,노형우체국,23841,7648236367,67814496191,93626984
201909,노형초등학교,43321,17601373775,1.45812E+11,142392816
201909,도남공원,1926,1613504187,25643932059,7786301
201909,디지탈플랜,8,0,0,33164
201909,메이즈랜드,726,3321017253,18889037485,3223813
201909,모슬포중앙시장,9245,1616460056,29581423041,16846616
201909,무오법정사,133,233372073,4067892764,608038
201909,베니스랜드,93,343134742,142027335,245738
201909,보목하수처리장,665,336618704,5581881553,3324615
201909,부영아파트(LH으뜸마을),3668,4831824946,50504246617,10990921
201909,산방산,4099,3485838272,10224459106,9226199
201909,삼양동선사유적,1206,314306516,5031713958,2285450
201909,상효원,394,315673855,18074139724,3619548
201909,새연교,5676,20394031075,34586231754,9702309
201909,서귀포 치유의 숲,730,1309530440,14674242479,7094962
201909,서귀포롤러스케이트장,476,191798994,5440679177,1332802
201909,서귀포자연휴양림(녹나무동),353,580979156,3156537872,1407750
201909,서부두 명품회집거리,11087,27661387014,2.64086E+11,38704362
201909,성산읍2,3885,1140638068,33786713388,7034760
201909,성산포수협표선지점,10059,1099846561,17076884905,6524127
201909,성판악휴게소,2444,7339829698,21948663208,7304803
201909,세리월드_동화속미로공원,3224,3704569840,47000993538,7746785
201909,소인국테마파크,3790,8651190572,88653034636,10084219
201909,솔동산 문화의 거리,19459,36563450458,1.07125E+11,25584834
201909,송악산,2119,951960234,2075290493,2499432
201909,시민복지타운근린공원,1799,2206405442,30606475813,5902494
201909,아라초등학교,10972,1609453592,10716382951,16793669
201909,안덕면1,6871,1236177547,20040940985,6819259
201909,안덕면2,6036,2246497461,48513601561,9049410
201909,안덕면사무소,1090,343765828,4705684341,1429168
201909,안덕생활체육관,1445,1245105681,22640743555,4206953
201909,애월읍3,11413,2734201458,20036006182,36825706
201909,양지공원,378,257577991,4674877467,1247641
201909,엘리펀시아,73,5481973,20194343,253890
201909,오름중학교(삼화마트),239,201409525,3289312582,971368
201909,왓썹인제주,2,191133,210790,7397
201909,용담레포츠공원,2944,1584204063,12612170505,11369523
201909,용문마을(서),15118,2047689855,13151063045,55866777
201909,용문마을회관(버스),6801,499178289,3814212325,22784667
201909,우도-서빈백사해수욕장,2972,3184620269,32336487888,10712959
201909,우도-천진항(소라축제장 ),3062,2758304705,92909776960,10340247
201909,우도-하우목동항,2586,1852186091,19960903395,5277515
201909,우령이 마을,12329,8209090581,59521953825,35386631
201909,운진항,3733,6249503274,48413786517,15681955
201909,일우 한란 아파트,2333,1621366195,17612635366,7175237
201909,정방폭포,3202,6945654025,92425562424,7708286
201909,제주 중앙여자고등학교 버스정류소,54039,26658423199,2.81955E+11,177462696
201909,제주고등학교,28453,11153600518,1.19554E+11,101268930
201909,제주공룡휴게소박물관,132,148338247,4024510685,718675
201909,제주공항 입구 공영주차장,65,34885446,1023046829,216773
201909,제주관광대학,8780,13072050737,1.34717E+11,31908476
201909,제주도립미술관,374,939425236,9521860725,1353055
201909,제주목관아,7376,9279387011,18525986214,23150825
201909,제주민속촌,2730,2535386092,25946370807,3668072
201909,제주시 평생학습센터,3982,57126680492,67394010792,14493546
201909,제주시청,17609,15260916980,91396562318,63669199
201909,제주중앙여자고등학교(교통섬),7323,740050053,6273234730,22853253
201909,제주허브동산,909,120604937,1287510279,2240765
201909,조천읍3,12011,9782784473,47158064947,34716304
201909,조천체육관,3503,6117173275,64542330619,17379273
201909,종달리해변,794,735510443,2625929924,3106724
201909,주공아파트5단지,16176,1440839386,14524750222,8009850
201909,주상절리대,1311,272801462,3688227417,1553778
201909,청소년문화의집(북),19878,2998148360,44373177183,12325100
201909,탑동입구,14378,7799837019,49420705460,22372635
201909,토이파크,2896,73182112315,33726019764,5686452
201909,플레이케이팝제주,1140,973055107,13259522556,1993122
201909,하귀초등학교,6162,14253326457,58486728390,21109772
201909,한경면4,2596,94302965,671680471,5213841
201909,한라병원,25201,5387011571,67846451309,20876045
201909,한라수목원,23681,56995589172,2.52723E+11,143285202
201909,함덕농협지소(북),48653,22272739809,1.6878E+11,103923992
201909,협재 해변,6733,20612622925,49101922331,26961423
201909,혼인지,233,154646143,835269121,282497
201909,화순 곶자왈 생태탐방숲길,481,551866644,623905556,384446
201909,효돈동1,2684,234623643,2413579599,1223884
201909,효돈초등학교(북),6859,1781396813,27014935658,10747047
201907,19코스,8375,13231824400,1.30291E+11,23827054
201907,갓전시관,23,121020795,103991506,78566
201907,강창학B구장,134,114251217,1379635906,492113
201907,고마로 거리,49079,28663927184,2.05411E+11,181836633
201907,광양,483,236943819,1277528956,1555556
201907,구좌읍7,485,108797730,874615930,1460725
201907,구좌읍9,484,214685063,324897547,1486029
201907,남원읍1,8697,3683362817,52503552911,6256566
201907,남원읍2,6538,12151283337,41046560456,3051000
201907,남원읍3,4608,44310914125,1.03836E+11,2748994
201907,노형근린공원,15412,6008061451,64162606019,59006662
201907,노형우체국,26069,7982194038,88879078352,93427790
201907,노형제2근린공원,5036,2522146912,22088002262,19394147
201907,대정 영어교육도시,2204,7248053420,1.37273E+11,6640378
201907,대정읍2,8957,4586221463,74811302391,5310878
201907,도두봉공원,3551,3124473947,37807144878,4288289
201907,돈내코,1468,15877810015,96582355543,5787158
201907,문예회관,32727,18844382025,2.03536E+11,102073702
201907,문화공원,7456,12842981797,1.75356E+11,11334504
201907,민속자연사박물관,596,3065067375,12985727379,1684891
201907,봉개동(버스),3481,5241561475,55799809781,15125754
201907,사계 해변,4829,10428406972,48965714675,8654173
201907,산남새마을금고,18715,10733483402,1.34308E+11,6549179
201907,산방산,3648,8656908760,30221359085,5164003
201907,삼성여자고등학교(북),12289,3608289592,43462495943,4435580
201907,삼성혈 인근 공영주차장,7505,1563206461,15004808205,19169801
201907,삼양동선사유적,1514,1629607330,29602825369,3445206
201907,삼양동주민센터(북),4935,1486265927,21861230509,15262053
201907,서귀포 치유의 숲,775,17806010822,81532599228,6798932
201907,서귀포농업기술센터,2230,3108790208,62150320740,7110887
201907,서귀포서부도서관,14634,1.89595E+11,1.70162E+12,36793230
201907,서귀포성당 뒤 주차장(솔동산로근처),1109,1515365942,36529218952,4333953
201907,서귀포시 구 버스터미널,20845,14679714962,2.068E+11,12646919
201907,서귀포자연휴양림(관리동랙),784,6255011595,26969908266,2792506
201907,서부두 명품회집거리,8508,24594529383,2.2522E+11,26775156
201907,서사라 문화거리,12451,3630510205,42766783821,67253196
201907,선흘곶자왈 생태숲,650,3236674732,32943703320,4887431
201907,성산읍 공영주차장,4063,2612740372,21645368918,2209404
201907,성읍민속마을-종탑,1368,1010009585,7844890794,1369707
201907,수운근린공원,2791,2808173792,13506674522,8377814
201907,시민복지타운근린공원,2131,4215317880,76188150359,7493698
201907,신비의도로(도깨비도로),2250,8554101624,61116175488,6849844
201907,신산공원,3083,3805736170,19459908225,11943051
201907,신촌초등학교,12929,7572991765,70992785054,34142226
201907,신흥리(마을입구) 함덕고등학교(남),6662,4784683109,39510494155,20968684
201907,아라초등학교,10182,3497533692,16831525517,14523338
201907,안덕면사무소,1533,2074354646,26897157583,2026186
201907,안덕우체국 뒤 주차장,1326,1960553610,28569572543,2048940
201907,애월국민체육센터,1733,3732109237,80116264666,5616738
201907,엘리펀시아,43,11445414,62763903,153873
201907,연동주민센터,34719,16837044890,1.2481E+11,149917120
201907,외도부영 2차 아파트,12562,3903814639,55349205480,24683503
201907,외도초등학교,21790,3255964897,42027602614,78189230
201907,용문마을회관(버스),6690,702341963,5872626152,22847840
201907,우도-검멀레해수욕장,2930,26263068228,54679880745,5952689
201907,우도-천진항(소라축제장 ),2989,9545029688,1.44669E+11,6742765
201907,우도-하우목동항,4372,25750312902,1.5129E+11,10649261
201907,인화초등학교,16940,4744080882,65753997075,50051768
201907,전지훈련장,412,1473769187,21723579904,3225213
201907,절물자연휴양림,3307,45665286420,2.15334E+11,42939570
201907,정방폭포(주차장),2391,9163778048,35707553581,2129017
201907,제대아파트,5799,1150747841,3543372974,20336238
201907,제주대학교,13756,12628438184,1.50198E+11,40093911
201907,제주대학교 병원,663,249092730,3786643324,2260876
201907,제주도 상하수도본부,972,351985286,5483013437,3959647
201907,제주도립미술관,591,7390495913,1.07256E+11,2838906
201907,제주도청 2청사,5111,4045564979,19852562247,18674749
201907,제주레일바이크,664,3488251662,5806132066,2176886
201907,제주미니미니랜드,4542,4595759861,78540006969,16115883
201907,제주시청,18602,7663547937,61053688153,65371161
201907,제주옹기박물관,163,1131368612,27209332260,932450
201907,제주종합경기장,5809,2768540674,30111563321,14053372
201907,제주특별자치도청,16105,7230735902,59705208591,54724866
201907,제주항국제여객터미널,3536,44911866609,3.59781E+11,15992649
201907,조안베어박물관,878,4608861004,19398859665,2266866
201907,중문관광단지,16789,72412532272,3.55445E+11,29245831
201907,중앙로사거리,8246,5132523503,62955251385,6985183
201907,천지연폭포,7851,93017601738,3.10995E+11,25271409
201907,청소년문화의집(북),19853,12595921037,2.06458E+11,15538509
201907,칠십리공원_A,9328,8199429343,72751984265,8049185
201907,토이파크,2991,7554197119,1.42778E+11,7470511
201907,표선생활체육관,1876,8187830024,1.23202E+11,8740841
201907,하도 해변,1172,6705031719,39592581969,4379084
201907,한경119센터,2049,550958065,4295270717,7283482
201907,한경면4,2567,113402073,477748230,5398818
201907,한국방송통신대학,25598,13771511844,78499866545,43889870
201907,한림종합운동장,3681,9165010948,50881542969,17307894
201907,한울랜드(화석.연박물관),174,801987550,13040386758,893589
201907,해녀박물관,1736,4666242768,19162758204,5142253
201907,혼인지,321,1637379116,6948689084,436492
201907,회수사거리,4294,2069598258,35695393084,4885928
201908,19코스,9037,13229225675,1.75864E+11,25524702
201908,21코스,1900,3980890854,15631520005,7125120
201908,GS25 서광점,2866,3720828268,20373537130,3462353
201908,구좌읍4,1133,895194409,5896214948,4526268
201908,구좌체육관,1102,6650018725,68682975409,4348523
201908,김녕미로공원-1,739,1487537379,5814601597,1973340
201908,김녕미로공원-2,583,5932975516,5164493100,1478716
201908,꿈바당도서관-2,1783,4607190521,58737015184,5673702
201908,남원생활체육관,1561,13093996485,3.00342E+11,6537459
201908,남원읍3,4653,26578260577,85338968307,2535631
201908,남원읍6,1562,931294140,17712622346,1165532
201908,남원읍사무소,3084,1520710248,26527361423,3997924
201908,대유대림아파트,15792,4457805500,51673677563,58026524
201908,도남공원,1788,1775201083,15198620160,7542013
201908,롯데리아 제주외도 DT,21317,5868959487,65720022519,53722002
201908,마라해양도립공원,2952,6062502120,37236316741,3711116
201908,매일올레시장주차장,3654,3564085434,18825221594,1737650
201908,무릉문화의집,208,710856005,12444818791,252887
201908,바오젠거리,15961,16723769714,1.74626E+11,66944089
201908,사라봉공원(모충사),2984,1127824789,9544608242,9837232
201908,"산방산(용머리, 하멜상선)",1007,6670520170,24779846263,1774637
201908,삼성초등학교,19370,7526338579,31128458226,60782183
201908,삼성혈 인근 공영주차장,6947,1592364824,25907479141,17712005
201908,삼성혈-2,821,212119574,2402333941,1189167
201908,삼아아파트,11566,5639788774,64177254345,5625840
201908,삼양동주민센터,2493,684040792,11323408950,7560225
201908,서귀포감귤박물관,611,10056957869,1.57727E+11,5564995
201908,서귀포시 자기주도학습지원센터,1983,4564460071,52273050890,3262407
201908,서귀포시청 1청사,19586,17435045536,2.10226E+11,20227764
201908,서귀포예술의전당,8827,2668072669,26788705663,3920904
201908,서복전시관,1486,7524946987,41813898300,1582446
201908,성산읍1,6192,4847023464,1.02899E+11,4469939
201908,성산일출해양도립공원,11330,95590812574,5.00734E+11,32552468
201908,성읍민속마을-성읍관리실,2092,16383122950,1.74297E+11,5378813
201908,세계조가비박물관,14377,4008045956,22394569014,4685432
201908,솔동산 문화의 거리,18024,44913035746,3.06482E+11,22011151
201908,수운근린공원,2413,3260040092,16674800557,7184367
201908,신성여자중고등학교,12862,10224120643,63004700792,54301261
201908,신양 섭지코지 해변,5024,5754484491,62635835854,6009523
201908,신촌초등학교,13153,6630078775,62972863764,37084055
201908,아라초등학교,11868,7942894107,30386384617,29747538
201908,아모렉스리조트,4273,8674567955,31120127552,15133743
201908,안덕면1,7195,6525510886,74274364570,6424388
201908,안덕생활체육관,1482,4090979960,48991879302,3082841
201908,애월읍3,11910,3397160289,27490393758,38826357
201908,엘리펀시아,21,1414300,16519450,65274
201908,영화의거리->산지천,14445,27525385697,91245385988,38526458
201908,예래생태체험관,709,1599028088,36827323714,939991
201908,올인하우스,397,2465048357,2541313650,374067
201908,왓썹인제주,4,1430602,14577703,12968
201908,외도초등학교,21545,5707052328,40788325016,77335516
201908,"용연, 용두암",6867,18190110447,81179119298,18577274
201908,우도-검멀레해수욕장,3096,25642716178,51184462019,5235511
201908,우도-천진항(소라축제장 ),3209,16936014042,1.37773E+11,8785051
201908,우도-하고수동해수욕장,3498,31015335528,1.43348E+11,8508491
201908,월령포구,481,924409470,2724499779,1696115
201908,월산마을,11533,3372955617,51962273220,41903327
201908,월정리 해변,6808,38774514259,76062662245,41090665
201908,이상한나라의 앨리스,393,270545471,1594945437,306435
201908,인다마을,18831,5189148728,44164683445,61266249
201908,일출랜드,564,3535635480,17196610945,1112439
201908,자치경찰단 서귀포지역경찰대,7923,3843919029,68268944356,8007449
201908,전지훈련장,219,702810024,15984458531,2076314
201908,제주공룡랜드,1597,4081376577,12880583510,6185468
201908,제주농업기술센터,463,1575213648,14322074508,2271819
201908,제주도 상하수도본부,996,388085709,5252981359,4427232
201908,제주동중학교,26176,11612398611,93197389392,89631726
201908,제주세계자연유산센터,1064,4277653836,16989699531,7226290
201908,제주소방서 항만119센터,1200,415539688,6926712906,4785263
201908,제주은행(북),33729,17530964661,1.36483E+11,13781182
201908,조안베어박물관,773,4610888504,17190755828,2281548
201908,조천119센터,4084,1311444606,7287872330,15007037
201908,조천읍1,5068,1583757363,10272438217,17349890
201908,조천읍3,14908,10050434498,61726824841,44756731
201908,중앙로 사거리,17334,4790695608,31585777528,56414825
201908,칠십리공원_A,9832,6926676649,47554308524,7278180
201908,탑동 테마거리->중앙로,43135,86145647396,3.27079E+11,135350286
201908,토평마을회관(서),5920,4579039011,59252886395,8623074
201908,플레이케이팝제주,1424,10594419119,71178600816,2181246
201908,한경면사무소,2185,4465117199,71524297043,10879770
201908,한국폴리텍대학 제주캠퍼스,762,269961954,1066566257,2760085
201908,한담동(버스)남,4414,8924132977,24791666866,12359637
201908,함덕리(3구)(북),9280,4802357407,20549589247,25623519
201908,화북주공아파트,7961,1449481234,19774112206,12784691
201908,화순 곶자왈 생태탐방숲길,452,2690735592,3421953338,382682
201908,환상숲,831,1129164942,7466132620,3066085
201908,황금륭골든힐허브팜,222,1916230480,15274352725,853757
201909,20코스,4574,10834764032,44016947357,18339730
201909,7-1코스,9660,2061597011,1.27425E+11,8218863
201909,GS25 대포점,1674,166652444,743194381,1091540
201909,KT성산포지점,9040,697301677,3871878769,4391221
201909, 제주의료원 부속 요양병원,1638,19213202650,3.95848E+11,54406335
201909,거로마을,21345,1570806072,14310251031,70000648
201909,국수문화거리,15263,8152663796,72181213969,43673672
201909,김창열미술관,639,451289985,2716379453,2191265
201909,남원읍4,6247,6816250003,51631807977,3290709
201909,남원읍5,2141,322899677,8049433670,3751856
201909,노형제1근린공원,7315,4755286122,52075765282,31866933
201909,노형제2근린공원,3831,929726578,6246480340,14061251
201909,대기고등학교,4579,4740820087,59117480899,16817137
201909,대유대림아파트,15157,6048662933,60638227174,56253118
201909,대정감협 인근 공영주차장,4797,530842631,13980317428,7403800
201909,대정읍2,8621,2548415867,41458150231,5063876
201909,동광 R 주차장,4125,121190951,3231135662,1789265
201909,동문시장,36472,1.03777E+11,1.25338E+12,442008782
201909,민속자연사박물관,611,1533409771,8190109616,2347466
201909,방일리공원,7889,2661255284,32149257314,29121742
201909,보건소,1853,395292467,3677640522,6444454
201909,보건환경연구원,698,240224503,2561713437,2588887
201909,북촌돌하르방공원,147,50909670137,1.05027E+11,2104564
201909,비석거리,21562,1386082500,22149066088,6815009
201909,사라봉공원(모충사),2635,1332767621,10300237825,11025178
201909,"산방산(용머리, 하멜상선)",1242,2245789892,27790801786,4169125
201909,삼성혈-2,867,248529337,522156275,2184779
201909,삼양1동,5738,14170905025,1.09536E+11,24289203
201909,삼양동주민센터(북),5426,1958338331,21307212862,16767330
201909,서귀북초등학교(동),31767,4053553032,38873198876,24993969
201909,서귀포시외버스터미날,10322,28874820810,46940387846,9670730
201909,서귀포시청 1청사,19046,3524602437,62646430646,18057848
201909,서귀포여자고등학교(북),18935,6438794373,1.36881E+11,19127092
201909,서귀포자연휴양림(동백동),425,9857477,4887431680,377275
201909,서해아파트(버스),2404,925487534,6798969757,8630710
201909,성산읍1,6104,704767615,17127965111,3228886
201909,성산읍사무소,5810,2065963213,17489317413,9141889
201909,성읍랜드,3885,1043357764,4858726609,2189389
201909,수운공원,1452,366130347,11417502109,2129845
201909,수월봉,574,255247010,369267767,712868
201909,신성여자중고등학교,15884,11894694616,1.18347E+11,68788996
201909,안덕면3,9976,959781737,8362708127,2405328
201909,안덕면7,6930,642406540,8801912209,1865475
201909,알프스얼음보석궁전,221,2111428849,40887161839,2022710
201909,애월읍2,2065,3679452352,11033390466,6692352
201909,연동주민센터,33579,15394258670,1.03445E+11,147593523
201909,영천동주민센터,3308,1025384347,33940432773,6917188
201909,예래동주민센터,593,101507833,2827677239,567914
201909,외도구획정리지구,3944,2488763108,17556741155,14767590
201909,외도동주민센터,15789,1695732437,12443220886,20340000
201909,우도-검멀레해수욕장,1669,3776797576,10411305461,2904762
201909,우도-하고수동해수욕장,1823,864542933,13565664689,3516613
201909,워터월드,616,252143510,812716843,978965
201909,유리의성,317,855564987,6477091128,986119
201909,이상한나라의 앨리스,427,448616992,248827996,238919
201909,인다마을,19313,7707175144,54808094970,62738815
201909,인화초등학교,16902,8485238218,66506167780,50505785
201909,정방폭포(주차장),2427,2169807201,5753135922,2186010
201909,제주4․3평화공원,933,551917240,7527913567,2612843
201909,제주국제공항,55593,46299357449,2.51461E+11,163649267
201909,제주농업기술센터,438,1780636994,22508758785,2136942
201909,제주다원,42,8449517,98797991,312587
201909,제주대학교교육대학,28681,5446345350,64320972101,50998245
201909,제주도 상하수도본부,866,378909132,4197558160,4202988
201909,제주돌마을공원,151,277171805,1512653967,1035418
201909,제주돌문화공원,681,3819041015,12881478003,3502861
201909,제주동중학교,27424,9752990217,1.2018E+11,94858341
201909,제주민속박물관,317,683809420,3988211736,1564873
201909,제주세계자연유산센터,918,4987525887,25187583201,6545598
201909,제주소방서 항만119센터,1184,967282084,2953786258,4642561
201909,제주유리박물관,207,112276674,116762347,184007
201909,제주한란전시관,154,212455000,1927318452,901661
201909,제주항국제여객터미널,2991,35187560727,2.84914E+11,15775254
201909,제주항연안여객터미널,1426,50020725841,2.1503E+11,5860499
201909,중문랜드,1656,37429,91631,2417509
201909,중앙로사거리,8805,1399195065,19444937139,7545243
201909,칠성로 쇼핑거리,29534,37417765105,1.89018E+11,105883325
201909,코코몽 주차장,3485,700587100,2004067098,2016947
201909,큰동네(버스),18333,4528909252,39097039629,59872053
201909,탐라도서관,10491,3301287642,19039347579,37698830
201909,탐라장애인 종합복지관,32501,5763220492,48772719243,93645482
201909,탑동 테마거리->중앙로,37273,43113900311,2.65429E+11,115775155
201909,표선 해비치 해변,5572,2878195139,19203327629,6268237
201909,표선면1,3190,68336905,660049082,1526329
201909,한경면사무소,2223,6646040167,1.03095E+11,11287638
201909,한국폴리텍대학 제주캠퍼스,890,353404407,5167522005,3297643
201909,한라도서관,5868,1292395158,10120745335,20568915
201909,한림종합운동장,5402,9395403083,1.35243E+11,27980757
201909,함덕리(3구)(북),7874,3169283183,9940254592,24196123
201909,항몽유적지,892,1163938573,15065059025,2995257
201909,헬로키티 아일랜드,4084,5024700704,24808062247,4398456
201909,협재해변,5148,9355467885,28216395037,13101458
201909,화북주공아파트,7545,2227603852,31491465319,11646169
201909,회수사거리,3705,346516208,4839273609,4107631
201909,삼아아파트,11235,2424366396,36581333808,5781123
201909,서귀포시 동부보건소,1423,738636338,43491260444,4323295
201909,서귀포시립이중섭미술관,822,1025692785,6828672998,3749697
201909,서귀포천문과학문화관,365,5904173061,21551576531,4086043
201909,서복전시관,1509,643537753,7684947656,1561313
201909,석굴암 / 천왕사 숲길,520,1060159652,1651009880,2491348
201909,설문대여성문화센터,2832,2392230165,35529103761,11124175
201909,성산일출해양도립공원,9995,26829051371,1.33743E+11,31288206
201909,성산하수처리장,2085,576010668,9388648133,3019651
201909,성읍민속마을-가로등,2376,1944085729,38907707107,9987379
201909,세계자동차박물관,921,2136985082,8936741183,5066732
201909,세계조가비박물관,13173,826111408,3339704624,3387690
201909,소암현중화기념관,1544,802772155,38154690685,7317246
201909,시민회관,22413,26040841596,1.95695E+11,93159357
201909,시외버스터미널,9333,1188523900,15772261139,7250936
201909,신비의도로(도깨비도로),1805,2346207441,18029182165,5357863
201909,신촌초등학교,14266,7313262715,76248226275,67450975
201909,아모렉스리조트,3696,3812999717,19128820881,12672623
201909,안덕면5,5233,1547995422,7555260602,2874171
201909,약천사,1212,1972723635,23524085514,4173619
201909,에코랜드테마파크,2594,13609846926,43646013464,11611655
201909,연동대림1차아파트,22305,23355337502,1.11527E+11,77213335
201909,영어교육도시119센터,538,409561661,7200800354,3313667
201909,예래생태체험관,766,324139653,11604615447,1127977
201909,외돌개,2448,3652318913,14075013971,7429539
201909,우도-우도면복지회관 앞,1224,368724543,7654292662,3423492
201909,월령포구,434,1869839414,7723643495,1557304
201909,월산마을,12403,4508255879,43248466190,43926428
201909,이호동주민센터,1235,1593302474,12201090943,4528792
201909,인화동,17601,4123575873,26008480057,55036458
201909,"전쟁역사박물관 (구,평화박물관)",63,342631721,783264492,296852
201909,정존마을,36683,14834342182,1.42839E+11,141262603
201909,제주대학교 입구,10236,2517152321,15422597506,32347063
201909,제주러브랜드,1756,9586314532,20722682033,6082870
201909,제주미니미니랜드,4480,3205398136,38153820336,15081725
201909,제주시자치경찰단,1259,1904199104,14086555686,6265774
201909,제주여자상업고등학교,23366,12972699843,1.15285E+11,92691266
201909,제주옹기박물관,158,232975502,10215208885,898961
201909,제주월드컵경기장 서귀포버스터미널,43303,4779217500,43046438714,20187607
201909,제주중앙고등학교,4244,1611895313,14304074430,11979483
201909,조천읍1,2502,1742684564,8887650615,8197463
201909,조천읍2,5444,1574446917,21764630812,18400005
201909,조천읍4,9850,6860593895,61405365981,29261340
201909,종합경기장(광장 제외),2243,2382880319,34400091694,14136467
201909,중문우체국,13583,2565836692,32494752929,12764716
201909,중앙공원,10352,2326276713,29787138628,5139614
201909,천제연폭포,6058,9369333684,66409930407,13471121
201909,천지동자원순환센터,21983,1742260618,28271454239,10530572
201909,천지연폭포,7639,14849128424,73118734947,24793850
201909,판포해변(포구),3076,1251318345,6313114162,12661804
201909,표선면2,1735,118611405,2536655920,2353848
201909,표선면3,12691,1233475481,19753644424,6995990
201909,표선면4,16031,2224451734,33860177804,10678691
201909,표선면사무소,2522,2578858333,61944099328,4953550
201909,하모3리,6761,1368109346,15994784912,5779908
201909,한경119센터,2012,455517718,2791992601,7129224
201909,한라산국립공원,372,8239032711,8420798292,2095946
201909,한림공원 (협재․쌍용굴),1179,9548430257,10945007730,5101702
201909,한림공원 인근 공영주차장,3079,6516424264,36804201239,11379326
201909,함덕 서우봉 해변,14003,40955698467,1.13592E+11,69585192
201909,해녀박물관,1520,1193939711,9067442110,4894715
201909,화북동주민센터,809,269786956,4591071249,2763497
201909,환상숲,729,2357450351,4732161787,2543158
201909,황금륭골든힐허브팜,191,181409825,10467889602,952987
